type,amount,oldbalanceOrg,newbalanceOrig,oldbalanceDest,newbalanceDest,step,receiver_activity_count,sender_transactions_24h,isFraud,fraud_probability,prediction,outcome
CASH_OUT,497928.97,497928.97,0.0,4112129.55,4610058.51,523,6,0,1,1.0,1,Correct fraud alert
TRANSFER,1312947.27,1312947.27,0.0,0.0,0.0,389,0,0,1,0.9999994064111745,1,Correct fraud alert
TRANSFER,125216.91,125216.91,0.0,0.0,0.0,612,0,0,1,0.9999982883706593,1,Correct fraud alert
CASH_OUT,110528.53,110528.53,0.0,600331.95,710860.48,656,19,0,1,0.9899726970810774,1,Correct fraud alert
PAYMENT,2048.58,791.0,0.0,0.0,0.0,408,0,0,0,0.0,0,Correct legitimate decision
CASH_IN,4473.57,3153905.52,3158379.08,510704.36,506230.79,375,6,0,0,0.0,0,Correct legitimate decision
CASH_OUT,157029.07,690896.0,533866.93,333559.86,490588.92,371,2,0,0,0.0,0,Correct legitimate decision
PAYMENT,25207.49,18302.0,0.0,0.0,0.0,400,0,0,0,0.0,0,Correct legitimate decision
TRANSFER,3441041.46,3441041.46,3441041.46,0.0,0.0,671,0,0,1,0.8400263222266424,0,Missed fraud
TRANSFER,2542664.27,2542664.27,2542664.27,0.0,0.0,617,0,0,1,0.8199395555030811,0,Missed fraud
TRANSFER,3171085.59,3171085.59,3171085.59,0.0,0.0,702,0,0,1,0.8199799697159962,0,Missed fraud
TRANSFER,10000000.0,59585040.37,49585040.37,0.0,0.0,425,0,0,1,0.8999140636336864,0,Missed fraud
