type,amount,oldbalanceOrg,newbalanceOrig,oldbalanceDest,newbalanceDest,sender_debited,receiver_credited,sender_mismatch,receiver_mismatch,account_emptied,amount_pct_sender_balance,hour_of_day,receiver_activity_count,sender_transactions_24h,step,isFraud
PAYMENT,24034.34,0.0,0.0,0.0,0.0,0.0,0.0,-24034.34,24034.34,1,,15.0,0.0,0.0,399,0
PAYMENT,52277.3,0.0,0.0,0.0,0.0,0.0,0.0,-52277.3,52277.3,1,,20.0,0.0,0.0,380,0
PAYMENT,18569.13,66413.0,47843.87,0.0,0.0,18569.129999999997,0.0,-7.275957614183426e-12,18569.13,0,27.960083116257362,23.0,0.0,0.0,407,0
CASH_OUT,246517.88,0.0,0.0,1434706.45,1681224.33,0.0,246517.88000000012,-246517.88,0.0,1,,19.0,9.0,0.0,571,0
CASH_IN,284467.16,14489310.65,14773777.81,345176.34,60709.18,-284467.16000000015,-284467.16000000003,-568934.3200000003,568934.32,0,1.9632898132389756,14.0,13.0,0.0,374,0
CASH_IN,149578.22,30922.0,180500.22,0.0,0.0,-149578.22,0.0,-299156.44,149578.22,0,483.7275079231615,19.0,0.0,0.0,379,0
CASH_OUT,70544.23,0.0,0.0,198586.54,269130.77,0.0,70544.23000000001,-70544.23,0.0,1,,19.0,1.0,0.0,403,0
CASH_OUT,367719.55,31885.0,0.0,0.0,367719.55,31885.0,367719.55,-335834.55,0.0,1,1153.2681511682608,12.0,0.0,0.0,396,0
TRANSFER,204205.94,0.0,0.0,400194.93,604400.87,0.0,204205.94,-204205.94,0.0,1,,15.0,3.0,0.0,375,0
CASH_IN,128367.37,2153052.34,2281419.71,257477.58,129110.21,-128367.37000000011,-128367.36999999998,-256734.74000000022,256734.73999999993,0,5.962110981472935,0.0,4.0,0.0,408,0
CASH_IN,381136.4,106412.0,487548.4,2961016.52,2579880.12,-381136.4,-381136.3999999999,-762272.8,762272.7999999998,0,358.17050708566705,10.0,19.0,0.0,394,0
CASH_OUT,426156.69,45323.0,0.0,0.0,426156.69,45323.0,426156.69,-380833.69,0.0,1,940.2658473622663,10.0,1.0,0.0,370,0
PAYMENT,16167.46,60205.0,44037.54,0.0,0.0,16167.46,0.0,0.0,16167.46,0,26.85401544722199,10.0,0.0,0.0,394,0
CASH_OUT,55780.34,0.0,0.0,3274409.79,3330190.13,0.0,55780.33999999985,-55780.34,0.0,1,,19.0,3.0,0.0,403,0
PAYMENT,22357.26,20249.86,0.0,0.0,0.0,20249.86,0.0,-2107.399999999998,22357.26,1,110.40698552977648,10.0,0.0,0.0,610,0
CASH_OUT,23217.62,5190.0,0.0,0.0,23217.62,5190.0,23217.62,-18027.62,0.0,1,447.35298651252407,20.0,1.0,0.0,524,0
TRANSFER,568090.99,154.0,0.0,1570941.19,2139032.18,154.0,568090.9900000002,-567936.99,-4.656612873077393e-10,1,368890.25324675324,18.0,8.0,0.0,642,0
CASH_IN,127494.53,8473561.1,8601055.63,851973.97,724479.44,-127494.53000000119,-127494.53000000003,-254989.06000000145,254989.06000000006,0,1.5046156922146936,15.0,12.0,0.0,687,0
CASH_IN,248851.57,11394.0,260245.57,203894.11,0.0,-248851.57,-203894.11,-497703.14,452745.68,0,2184.058012989293,17.0,2.0,0.0,377,0
PAYMENT,15120.72,0.0,0.0,0.0,0.0,0.0,0.0,-15120.72,15120.72,1,,19.0,0.0,0.0,379,0
TRANSFER,114702.88,0.0,0.0,1080226.27,1194929.15,0.0,114702.87999999989,-114702.88,0.0,1,,16.0,7.0,0.0,400,0
PAYMENT,21671.06,10443.0,0.0,0.0,0.0,10443.0,0.0,-11228.060000000001,21671.06,1,207.51757157904817,22.0,0.0,0.0,406,0
CASH_IN,92393.73,1645157.47,1737551.2,2202062.94,2109669.21,-92393.72999999998,-92393.72999999998,-184787.45999999996,184787.45999999996,0,5.616102512059226,19.0,14.0,0.0,379,0
CASH_IN,72239.77,5409159.49,5481399.26,347454.99,275215.22,-72239.76999999955,-72239.77000000002,-144479.5399999991,144479.54000000004,0,1.3355082269907335,19.0,3.0,0.0,379,0
CASH_OUT,3718.97,66185.54,62466.57,1741357.37,1745076.35,3718.969999999994,3718.9799999999814,-7.275957614183426e-12,-0.010000000009313226,0,5.6190068102488855,19.0,23.0,0.0,403,0
PAYMENT,19595.7,24841.0,5245.3,0.0,0.0,19595.7,0.0,-9.094947017729282e-13,19595.7,0,78.88450545469185,20.0,0.0,0.0,380,0
CASH_OUT,58825.41,51325.0,0.0,151081.39,209906.81,51325.0,58825.419999999984,-7500.4100000000035,-0.009999999980209395,1,114.61356064296153,15.0,0.0,0.0,399,0
CASH_OUT,70355.99,11185.0,0.0,1632911.11,1703267.1,11185.0,70355.98999999999,-59170.990000000005,0.0,1,629.0209208761735,23.0,11.0,0.0,407,0
CASH_IN,405244.03,497236.54,902480.57,1131913.22,726669.2,-405244.02999999997,-405244.02,-810488.06,810488.05,0,81.4992458116614,22.0,3.0,0.0,670,0
PAYMENT,647.47,52449.0,51801.53,0.0,0.0,647.4700000000012,0.0,0.0,647.47,0,1.2344753951457608,23.0,0.0,0.0,503,0
PAYMENT,2895.57,40793.0,37897.43,0.0,0.0,2895.5699999999997,0.0,0.0,2895.57,0,7.0982031230848435,13.0,0.0,0.0,373,0
CASH_IN,78487.29,304845.0,383332.29,273406.25,194918.95,-78487.28999999998,-78487.29999999999,-156974.57999999996,156974.58999999997,0,25.74662205383063,12.0,2.0,0.0,372,0
CASH_IN,168712.89,121670.0,290382.89,287341.81,118628.92,-168712.89,-168712.89,-337425.78,337425.78,0,138.66432974439059,18.0,2.0,0.0,714,0
CASH_IN,139319.8,8034.0,147353.8,0.0,0.0,-139319.8,0.0,-278639.6,139319.8,0,1734.1274583022155,20.0,0.0,0.0,404,0
PAYMENT,3970.36,51709.87,47739.51,0.0,0.0,3970.3600000000006,0.0,0.0,3970.36,0,7.6781473246790215,13.0,0.0,0.0,397,0
CASH_OUT,157409.51,0.0,0.0,167259.88,324669.39,0.0,157409.51,-157409.51,0.0,1,,21.0,3.0,0.0,597,0
PAYMENT,4003.71,366.0,0.0,0.0,0.0,366.0,0.0,-3637.71,4003.71,1,1093.9098360655737,22.0,0.0,0.0,406,0
CASH_IN,113963.18,10952463.98,11066427.16,724524.33,610561.16,-113963.1799999997,-113963.16999999993,-227926.3599999994,227926.34999999998,0,1.0405254946111222,12.0,7.0,0.0,396,0
CASH_IN,96011.94,2564757.02,2660768.96,938431.97,842420.03,-96011.93999999994,-96011.93999999994,-192023.8799999999,192023.8799999999,0,3.7435101746987325,17.0,1.0,0.0,377,0
CASH_IN,110057.05,2259441.46,2369498.51,6241420.27,6131363.22,-110057.04999999981,-110057.04999999981,-220114.09999999963,220114.09999999963,0,4.8709847963929995,12.0,5.0,0.0,372,0
CASH_IN,187746.46,4009293.69,4197040.15,304177.62,116431.16,-187746.46000000043,-187746.46,-375492.9200000004,375492.9199999999,0,4.682781420285527,22.0,3.0,0.0,526,0
TRANSFER,1939760.78,180402.56,0.0,10375821.43,12315582.2,180402.56,1939760.7699999996,-1759358.22,0.009999999776482582,1,1075.2401628890411,11.0,0.0,0.0,395,0
CASH_OUT,226635.19,12386.0,0.0,1319917.39,1546552.58,12386.0,226635.19000000018,-214249.19,-2.3283064365386963e-10,1,1829.7690134022282,18.0,16.0,0.0,642,0
DEBIT,8320.33,4.0,0.0,66643.94,74964.27,4.0,8320.330000000002,-8316.33,0.0,1,208008.25,16.0,0.0,0.0,376,0
CASH_IN,21813.48,366928.0,388741.48,5962579.02,5940765.54,-21813.47999999998,-21813.479999999516,-43626.95999999996,43626.95999999996,0,5.944893821131121,18.0,49.0,0.0,642,0
PAYMENT,15308.22,22280.0,6971.78,0.0,0.0,15308.220000000001,0.0,9.094947017729282e-13,15308.22,0,68.70834829443446,14.0,0.0,0.0,398,0
CASH_IN,232552.97,116507.0,349059.97,0.0,0.0,-232552.96999999997,0.0,-465105.93999999994,232552.97,0,199.60428987099488,10.0,1.0,0.0,370,0
CASH_OUT,5479.25,0.0,0.0,425674.33,431153.58,0.0,5479.25,-5479.25,0.0,1,,20.0,1.0,0.0,404,0
PAYMENT,10234.17,36602.67,26368.5,0.0,0.0,10234.169999999998,0.0,0.0,10234.17,0,27.9601733971866,12.0,0.0,0.0,372,0
CASH_IN,92849.19,987851.59,1080700.78,152352.94,59503.75,-92849.19000000006,-92849.19,-185698.38000000012,185698.38,0,9.399103158805465,13.0,14.0,0.0,373,0
PAYMENT,4853.56,0.0,0.0,0.0,0.0,0.0,0.0,-4853.56,4853.56,1,,16.0,0.0,0.0,688,0
PAYMENT,8323.71,0.0,0.0,0.0,0.0,0.0,0.0,-8323.71,8323.71,1,,10.0,0.0,0.0,394,0
CASH_IN,323488.21,547.0,324035.21,0.0,0.0,-323488.21,0.0,-646976.42,323488.21,0,59138.61243144424,20.0,0.0,0.0,404,0
PAYMENT,40121.47,0.0,0.0,0.0,0.0,0.0,0.0,-40121.47,40121.47,1,,21.0,0.0,0.0,357,0
PAYMENT,31727.08,21945.2,0.0,0.0,0.0,21945.2,0.0,-9781.880000000001,31727.08,1,144.5741209922899,16.0,0.0,0.0,400,0
PAYMENT,10233.31,0.0,0.0,0.0,0.0,0.0,0.0,-10233.31,10233.31,1,,11.0,0.0,0.0,395,0
CASH_OUT,143659.25,111.0,0.0,2668719.88,2812379.13,111.0,143659.25,-143548.25,0.0,1,129422.74774774775,16.0,11.0,0.0,688,0
CASH_IN,9400.62,40920.0,50320.62,0.0,0.0,-9400.620000000003,0.0,-18801.240000000005,9400.62,0,22.973167155425223,18.0,0.0,0.0,570,0
PAYMENT,47597.85,41822.0,0.0,0.0,0.0,41822.0,0.0,-5775.8499999999985,47597.85,1,113.81055425374204,17.0,0.0,0.0,401,0
PAYMENT,6670.23,45129.0,38458.77,0.0,0.0,6670.230000000003,0.0,7.275957614183426e-12,6670.23,0,14.780362959516053,22.0,0.0,0.0,526,0
CASH_IN,124113.78,20211.0,144324.78,0.0,0.0,-124113.78,0.0,-248227.56,124113.78,0,614.0902478848152,10.0,0.0,0.0,610,0
CASH_OUT,57758.78,51913.0,0.0,2405460.78,2463219.57,51913.0,57758.79000000004,-5845.779999999999,-0.01000000024214387,1,111.26072467397377,20.0,9.0,0.0,404,0
CASH_OUT,40660.63,0.0,0.0,91023.91,131684.55,0.0,40660.639999999985,-40660.63,-0.009999999980209395,1,,19.0,2.0,0.0,379,0
PAYMENT,17623.86,0.0,0.0,0.0,0.0,0.0,0.0,-17623.86,17623.86,1,,19.0,0.0,0.0,403,0
TRANSFER,165967.31,280.0,0.0,2680088.82,2846056.13,280.0,165967.31000000006,-165687.31,0.0,1,59274.03928571429,10.0,10.0,0.0,610,0
CASH_IN,253141.87,33576663.54,33829805.41,749349.8,496207.93,-253141.86999999732,-253141.87000000005,-506283.73999999836,506283.74000000005,0,0.7539220497546791,16.0,3.0,0.0,400,0
CASH_OUT,74088.86,60277.0,0.0,1232716.49,1306805.35,60277.0,74088.8600000001,-13811.86,0.0,1,122.91398045689068,13.0,9.0,0.0,397,0
PAYMENT,5442.64,0.0,0.0,0.0,0.0,0.0,0.0,-5442.64,5442.64,1,,16.0,0.0,0.0,400,0
PAYMENT,7335.3,0.0,0.0,0.0,0.0,0.0,0.0,-7335.3,7335.3,1,,20.0,0.0,0.0,356,0
CASH_IN,228242.59,2187.0,230429.59,24498.52,0.0,-228242.59,-24498.52,-456485.18,252741.11,0,10436.332418838592,11.0,1.0,0.0,371,0
PAYMENT,5168.73,10057.0,4888.27,0.0,0.0,5168.73,0.0,0.0,5168.73,0,51.39435219250274,23.0,0.0,0.0,527,0
CASH_OUT,109093.04,31970.0,0.0,443233.77,552326.81,31970.0,109093.04000000004,-77123.04,0.0,1,341.2356584297779,18.0,7.0,0.0,594,0
CASH_OUT,134261.38,51080.0,0.0,7640931.56,7775192.94,51080.0,134261.38000000082,-83181.38,-9.313225746154785e-10,1,262.8453014878622,20.0,3.0,0.0,692,0
CASH_IN,305148.49,110900.0,416048.49,654067.96,348919.48,-305148.49,-305148.48,-610296.98,610296.97,0,275.156438232642,19.0,8.0,0.0,403,0
CASH_IN,71377.08,1003007.99,1074385.07,4583732.73,4512355.65,-71377.08000000007,-71377.08000000007,-142754.16000000003,142754.16000000015,0,7.1163022340430215,13.0,19.0,0.0,565,0
CASH_OUT,224466.77,51975.14,0.0,3103240.43,3327707.2,51975.14,224466.77000000002,-172491.63,0.0,1,431.8733340593214,20.0,24.0,0.0,404,0
TRANSFER,284487.09,0.0,0.0,3058620.67,3343107.76,0.0,284487.08999999985,-284487.09,0.0,1,,14.0,12.0,0.0,686,0
PAYMENT,13313.83,0.0,0.0,0.0,0.0,0.0,0.0,-13313.83,13313.83,1,,20.0,0.0,0.0,380,0
CASH_OUT,175894.23,0.0,0.0,791152.44,967046.67,0.0,175894.2300000001,-175894.23,-1.1641532182693481e-10,1,,19.0,11.0,0.0,379,0
CASH_OUT,154737.63,11006.0,0.0,135916.28,290653.91,11006.0,154737.62999999998,-143731.63,5.820766091346741e-11,1,1405.938851535526,17.0,0.0,0.0,377,0
CASH_OUT,258633.59,0.0,0.0,1501052.66,1759686.25,0.0,258633.59000000008,-258633.59,0.0,1,,20.0,2.0,0.0,380,0
CASH_OUT,379766.11,0.0,0.0,2395663.06,2775429.17,0.0,379766.10999999987,-379766.11,0.0,1,,14.0,15.0,0.0,398,0
CASH_IN,103982.99,9292.0,113274.99,0.0,0.0,-103982.99,0.0,-207965.98,103982.99,0,1119.0592983211366,17.0,0.0,0.0,401,0
CASH_OUT,623505.81,0.0,0.0,774219.01,1397724.82,0.0,623505.81,-623505.81,0.0,1,,18.0,11.0,0.0,546,0
CASH_OUT,230091.4,17020.0,0.0,970616.42,1200707.82,17020.0,230091.40000000002,-213071.4,0.0,1,1351.888366627497,13.0,3.0,0.0,397,0
CASH_OUT,215247.36,0.0,0.0,1301379.91,1516627.26,0.0,215247.3500000001,-215247.36,0.010000000009313226,1,,13.0,10.0,0.0,397,0
CASH_IN,21391.61,1345321.03,1366712.63,917669.86,896278.26,-21391.59999999986,-21391.599999999977,-42783.20999999996,42783.20999999996,0,1.5900747496677428,11.0,14.0,0.0,683,0
CASH_IN,395864.09,29756.0,425620.09,354636.23,0.0,-395864.09,-354636.23,-791728.18,750500.3200000001,0,1330.3672872697944,10.0,3.0,0.0,514,0
CASH_IN,169906.42,10369812.71,10539719.14,1779462.75,1609556.33,-169906.4299999997,-169906.41999999993,-339812.8499999996,339812.83999999985,0,1.6384714435213747,9.0,23.0,0.0,393,0
CASH_OUT,168949.8,0.0,0.0,403147.66,572097.46,0.0,168949.8,-168949.8,0.0,1,,20.0,4.0,0.0,404,0
PAYMENT,5204.18,326938.51,321734.33,0.0,0.0,5204.179999999993,0.0,0.0,5204.18,0,1.5917916797259524,14.0,0.0,0.0,374,0
PAYMENT,88.01,45224.21,45136.19,0.0,0.0,88.0199999999968,0.0,0.00999999999476131,88.01,0,0.19460815346470398,22.0,0.0,0.0,670,0
CASH_OUT,10909.82,0.0,0.0,169320.59,180230.41,0.0,10909.820000000007,-10909.82,0.0,1,,13.0,1.0,0.0,661,0
CASH_IN,310650.38,1089108.55,1399758.93,15705927.74,15395277.36,-310650.3799999999,-310650.3800000008,-621300.7599999999,621300.7600000016,0,28.523362524332402,15.0,6.0,0.0,375,0
CASH_IN,55300.0,3566125.66,3621425.66,3505892.49,3450592.5,-55300.0,-55299.99000000022,-110600.0,110599.99000000022,0,1.550702506652556,12.0,8.0,0.0,564,0
CASH_OUT,4440.36,30775.0,26334.64,317303.75,321744.11,4440.360000000001,4440.359999999986,0.0,0.0,0,14.42846466287571,23.0,7.0,0.0,455,0
CASH_OUT,17949.66,5540.0,0.0,353457.98,371407.63,5540.0,17949.650000000023,-12409.66,0.009999999951105565,1,324.00108303249095,11.0,2.0,0.0,419,0
CASH_IN,315479.54,440875.06,756354.6,667252.27,351772.72,-315479.54,-315479.55000000005,-630959.08,630959.0900000001,0,71.5575836836858,12.0,7.0,0.0,492,0
CASH_OUT,330115.57,25736.0,0.0,0.0,330115.57,25736.0,330115.57,-304379.57,0.0,1,1282.6996036680137,9.0,1.0,0.0,393,0
PAYMENT,1160.82,0.0,0.0,0.0,0.0,0.0,0.0,-1160.82,1160.82,1,,12.0,0.0,0.0,420,0
CASH_OUT,3811.64,16354.0,12542.36,0.0,3811.64,3811.6399999999994,3811.64,0.0,0.0,0,23.3070808364926,14.0,0.0,0.0,398,0
PAYMENT,6816.23,45157.0,38340.77,0.0,0.0,6816.230000000003,0.0,7.275957614183426e-12,6816.23,0,15.094514693181566,22.0,0.0,0.0,550,0
PAYMENT,454.57,0.0,0.0,0.0,0.0,0.0,0.0,-454.57,454.57,1,,20.0,0.0,0.0,380,0
CASH_OUT,339455.72,0.0,0.0,518617.8,858073.52,0.0,339455.72000000003,-339455.72,0.0,1,,20.0,4.0,0.0,356,0
CASH_OUT,11988.71,0.0,0.0,253301.13,265289.83,0.0,11988.700000000012,-11988.71,0.010000000009313226,1,,19.0,1.0,0.0,403,0
PAYMENT,18489.33,561422.83,542933.5,0.0,0.0,18489.329999999958,0.0,0.0,18489.33,0,3.2932985642924426,12.0,0.0,0.0,396,0
TRANSFER,182974.5,458146.0,275171.5,0.0,182974.5,182974.5,182974.5,0.0,0.0,0,39.938032854155665,22.0,0.0,0.0,358,0
PAYMENT,3208.69,45.0,0.0,0.0,0.0,45.0,0.0,-3163.69,3208.69,1,7130.422222222222,23.0,0.0,0.0,551,0
TRANSFER,1506731.2,36633.57,0.0,7482270.63,8989001.83,36633.57,1506731.2000000002,-1470097.63,0.0,1,4112.979433890828,20.0,13.0,0.0,548,0
PAYMENT,15824.92,0.0,0.0,0.0,0.0,0.0,0.0,-15824.92,15824.92,1,,17.0,0.0,0.0,401,0
PAYMENT,12008.35,0.0,0.0,0.0,0.0,0.0,0.0,-12008.35,12008.35,1,,10.0,0.0,0.0,538,0
CASH_IN,372139.62,9368579.14,9740718.76,7312747.24,6940607.62,-372139.6199999992,-372139.6200000001,-744279.2399999984,744279.2400000002,0,3.972209813664444,20.0,39.0,0.0,500,0
PAYMENT,18425.63,10548.0,0.0,0.0,0.0,10548.0,0.0,-7877.630000000001,18425.63,1,174.68363670838073,18.0,0.0,0.0,402,0
CASH_IN,267462.62,465651.87,733114.5,319617.52,52154.9,-267462.63,-267462.62,-534925.25,534925.24,0,57.43832189485247,9.0,3.0,0.0,393,0
PAYMENT,12045.37,14860.0,2814.63,0.0,0.0,12045.369999999999,0.0,-9.094947017729282e-13,12045.37,0,81.05901749663526,10.0,0.0,0.0,394,0
PAYMENT,15170.46,50366.0,35195.54,0.0,0.0,15170.46,0.0,0.0,15170.46,0,30.120438390978038,17.0,0.0,0.0,401,0
PAYMENT,29319.91,16465.0,0.0,0.0,0.0,16465.0,0.0,-12854.91,29319.91,1,178.07415730337078,15.0,0.0,0.0,399,0
CASH_OUT,113870.34,0.0,0.0,377695.13,491565.47,0.0,113870.33999999997,-113870.34,0.0,1,,9.0,3.0,0.0,393,0
PAYMENT,4668.72,0.0,0.0,0.0,0.0,0.0,0.0,-4668.72,4668.72,1,,12.0,0.0,0.0,540,0
CASH_IN,59563.7,35621.0,95184.7,244929.4,185365.7,-59563.7,-59563.69999999998,-119127.4,119127.39999999997,0,167.21512590887397,12.0,1.0,0.0,372,0
PAYMENT,3806.29,0.0,0.0,0.0,0.0,0.0,0.0,-3806.29,3806.29,1,,12.0,0.0,0.0,396,0
PAYMENT,4675.34,111530.0,106854.66,0.0,0.0,4675.3399999999965,0.0,0.0,4675.34,0,4.192002151887385,21.0,0.0,0.0,405,0
CASH_OUT,144248.51,0.0,0.0,2127289.0,2271537.52,0.0,144248.52000000002,-144248.51,-0.01000000024214387,1,,20.0,20.0,0.0,356,0
PAYMENT,4845.92,174763.06,169917.14,0.0,0.0,4845.919999999984,0.0,-2.9103830456733704e-11,4845.92,0,2.772851425238263,11.0,0.0,0.0,395,0
CASH_OUT,196107.39,0.0,0.0,9615350.31,9811457.7,0.0,196107.38999999873,-196107.39,1.862645149230957e-09,1,,18.0,6.0,0.0,402,0
CASH_OUT,13128.57,36097.0,22968.43,783097.23,796225.8,13128.57,13128.570000000065,0.0,-1.1641532182693481e-10,0,36.37025237554367,11.0,9.0,0.0,395,0
CASH_OUT,138688.32,64645.0,0.0,179586.13,318274.44,64645.0,138688.31,-74043.32,0.010000000009313226,1,214.53835563461988,19.0,3.0,0.0,379,0
PAYMENT,6786.78,22058.0,15271.22,0.0,0.0,6786.780000000001,0.0,1.8189894035458565e-12,6786.78,0,30.76788466769426,23.0,0.0,0.0,695,0
CASH_IN,40842.78,1117130.91,1157973.69,856297.36,815454.58,-40842.78000000003,-40842.78000000003,-81685.56000000006,81685.56000000006,0,3.656042423891037,11.0,7.0,0.0,395,0
CASH_OUT,105743.12,41672.0,0.0,399216.97,504960.09,41672.0,105743.12000000005,-64071.119999999995,-5.820766091346741e-11,1,253.7510078709925,15.0,3.0,0.0,687,0
PAYMENT,4051.73,0.0,0.0,0.0,0.0,0.0,0.0,-4051.73,4051.73,1,,20.0,0.0,0.0,356,0
CASH_OUT,121841.65,0.0,0.0,936738.37,1058580.02,0.0,121841.65000000002,-121841.65,0.0,1,,17.0,17.0,0.0,401,0
CASH_IN,73389.03,6068795.85,6142184.88,425854.22,352465.19,-73389.03000000026,-73389.02999999997,-146778.06000000052,146778.06,0,1.2092848699136916,12.0,9.0,0.0,372,0
CASH_IN,474301.62,256567.0,730868.62,0.0,0.0,-474301.62,0.0,-948603.24,474301.62,0,184.86462405531498,19.0,14.0,0.0,571,0
CASH_OUT,110167.39,111342.0,1174.61,221694.67,331862.06,110167.39,110167.38999999998,6.821210263296962e-13,0.0,0,98.94504320022992,16.0,6.0,0.0,376,0
CASH_OUT,181416.98,570.0,0.0,0.0,181416.98,570.0,181416.98,-180846.98,0.0,1,31827.540350877196,21.0,0.0,0.0,405,0
CASH_OUT,340838.33,11425.0,0.0,0.0,340838.33,11425.0,340838.33,-329413.33,0.0,1,2983.2676586433263,13.0,2.0,0.0,397,0
CASH_IN,37188.35,11442732.95,11479921.3,4766846.72,4729658.37,-37188.35000000149,-37188.34999999963,-74376.70000000112,74376.69999999925,0,0.3249953499963486,18.0,2.0,0.0,402,0
CASH_IN,342407.06,4808815.72,5151222.78,446086.43,103679.38,-342407.0600000005,-342407.05,-684814.1200000001,684814.11,0,7.1204030251340145,12.0,19.0,0.0,588,0
PAYMENT,9347.4,62940.0,53592.6,0.0,0.0,9347.400000000001,0.0,0.0,9347.4,0,14.851286939942801,15.0,0.0,0.0,399,0
CASH_IN,156268.74,39113.0,195381.74,97736.74,0.0,-156268.74,-97736.74,-312537.48,254005.47999999998,0,399.53146012834605,15.0,12.0,0.0,495,0
CASH_OUT,151231.04,232772.0,81540.96,83545.04,234776.07,151231.03999999998,151231.03000000003,-1.4551915228366852e-11,0.010000000009313226,0,64.96960115477806,19.0,13.0,0.0,403,0
CASH_OUT,105903.18,105903.18,0.0,350240.31,456143.49,105903.18,105903.18,0.0,0.0,1,100.0,13.0,2.0,0.0,733,1
CASH_IN,246361.28,2378405.34,2624766.62,3956443.18,3710081.9,-246361.28000000026,-246361.28000000026,-492722.56000000006,492722.56000000006,0,10.358254577413621,18.0,20.0,0.0,594,0
TRANSFER,1068822.87,67005.0,0.0,2733887.56,3802710.43,67005.0,1068822.87,-1001817.8700000001,0.0,1,1595.1389747033804,17.0,27.0,0.0,401,0
CASH_OUT,43037.68,0.0,0.0,176517.23,219554.91,0.0,43037.67999999999,-43037.68,0.0,1,,21.0,2.0,0.0,357,0
CASH_OUT,420300.72,40936.0,0.0,0.0,420300.72,40936.0,420300.72,-379364.72,0.0,1,1026.7264021887825,14.0,0.0,0.0,374,0
DEBIT,2356.78,209532.0,207175.22,202341.66,204698.44,2356.779999999999,2356.779999999999,0.0,0.0,0,1.1247828493977055,12.0,10.0,0.0,396,0
CASH_OUT,117179.52,0.0,0.0,315950.78,433130.3,0.0,117179.51999999996,-117179.52,5.820766091346741e-11,1,,20.0,2.0,0.0,404,0
CASH_IN,85890.39,31481.0,117371.39,1809130.35,1723239.96,-85890.39,-85890.39000000013,-171780.78,171780.78000000003,0,272.8324703789587,22.0,11.0,0.0,694,0
PAYMENT,18645.87,11061.0,0.0,0.0,0.0,11061.0,0.0,-7584.869999999999,18645.87,1,168.5730946569026,22.0,0.0,0.0,358,0
CASH_IN,241575.64,2142989.04,2384564.67,647189.5,405613.87,-241575.6299999999,-241575.63,-483151.27,483151.27,0,11.27283600106513,12.0,12.0,0.0,588,0
PAYMENT,1704.47,16051.22,14346.75,0.0,0.0,1704.4699999999993,0.0,0.0,1704.47,0,10.6189436067788,18.0,0.0,0.0,402,0
PAYMENT,6899.06,0.0,0.0,0.0,0.0,0.0,0.0,-6899.06,6899.06,1,,1.0,0.0,0.0,505,0
CASH_OUT,498243.94,105491.0,0.0,353149.17,851393.11,105491.0,498243.94,-392752.94,0.0,1,472.30942924040914,14.0,6.0,0.0,686,0
CASH_IN,40904.49,6958536.93,6999441.43,2124408.23,2083503.74,-40904.5,-40904.48999999999,-81808.99000000022,81808.98000000021,0,0.5878317584785744,20.0,7.0,0.0,356,0
CASH_IN,3170.26,6668604.24,6671774.51,7352497.71,7349327.44,-3170.269999999553,-3170.269999999553,-6340.529999999329,6340.529999999329,0,0.04754008314039641,19.0,29.0,0.0,379,0
PAYMENT,2864.14,0.0,0.0,0.0,0.0,0.0,0.0,-2864.14,2864.14,1,,19.0,0.0,0.0,619,0
PAYMENT,6441.69,0.0,0.0,0.0,0.0,0.0,0.0,-6441.69,6441.69,1,,8.0,0.0,0.0,656,0
PAYMENT,10645.14,28073.0,17427.86,0.0,0.0,10645.14,0.0,0.0,10645.14,0,37.91949560075517,21.0,0.0,0.0,597,0
CASH_IN,118852.76,10374.0,129226.76,53969.8,0.0,-118852.76,-53969.8,-237705.52,172822.56,0,1145.6791979949876,19.0,1.0,0.0,379,0
TRANSFER,813310.3,0.0,0.0,5848206.65,6661516.95,0.0,813310.2999999998,-813310.3,0.0,1,,15.0,30.0,0.0,399,0
CASH_OUT,276197.23,0.0,0.0,497235.49,773432.72,0.0,276197.23,-276197.23,0.0,1,,9.0,2.0,0.0,393,0
CASH_OUT,317176.66,16126.0,0.0,8609265.56,8926442.22,16126.0,317176.66000000015,-301050.66,0.0,1,1966.8650626317747,16.0,4.0,0.0,688,0
PAYMENT,2800.78,0.0,0.0,0.0,0.0,0.0,0.0,-2800.78,2800.78,1,,22.0,0.0,0.0,382,0
CASH_IN,67774.35,10739.0,78513.35,1737595.05,1669820.69,-67774.35,-67774.3600000001,-135548.7,135548.7100000002,0,631.1048514759289,21.0,16.0,0.0,549,0
PAYMENT,3502.1,0.0,0.0,0.0,0.0,0.0,0.0,-3502.1,3502.1,1,,22.0,0.0,0.0,574,0
CASH_OUT,364174.76,0.0,0.0,477842.41,842017.17,0.0,364174.76000000007,-364174.76,-1.1641532182693481e-10,1,,11.0,7.0,0.0,371,0
CASH_IN,248174.85,193741.0,441915.85,0.0,0.0,-248174.84999999998,0.0,-496349.69999999995,248174.85,0,128.0961954361751,12.0,9.0,0.0,684,0
PAYMENT,18667.16,0.0,0.0,0.0,0.0,0.0,0.0,-18667.16,18667.16,1,,17.0,0.0,0.0,545,0
CASH_IN,277409.4,6337.0,283746.4,1899793.95,1622384.54,-277409.4,-277409.4099999999,-554818.8,554818.81,0,4377.614012939877,15.0,6.0,0.0,495,0
CASH_IN,198163.04,7954339.99,8152503.02,1021146.11,822983.07,-198163.02999999933,-198163.04000000004,-396326.06999999937,396326.07999999996,0,2.491256851594547,13.0,13.0,0.0,397,0
CASH_OUT,221281.97,0.0,0.0,237626.42,458908.39,0.0,221281.97,-221281.97,0.0,1,,14.0,1.0,0.0,398,0
PAYMENT,12956.23,0.0,0.0,0.0,0.0,0.0,0.0,-12956.23,12956.23,1,,21.0,0.0,0.0,357,0
PAYMENT,7639.68,59143.0,51503.32,0.0,0.0,7639.68,0.0,0.0,7639.68,0,12.917302132120453,6.0,0.0,0.0,582,0
PAYMENT,3103.0,0.0,0.0,0.0,0.0,0.0,0.0,-3103.0,3103.0,1,,19.0,0.0,0.0,379,0
CASH_OUT,138269.18,49506.0,0.0,20290.0,158559.18,49506.0,138269.18,-88763.18,0.0,1,279.2978224861633,19.0,0.0,0.0,379,0
CASH_OUT,177357.16,66.0,0.0,3866776.78,4044133.94,66.0,177357.16000000015,-177291.16,0.0,1,268722.9696969697,17.0,26.0,0.0,377,0
CASH_IN,413357.44,3438031.74,3851389.17,502392.62,89035.19,-413357.4299999997,-413357.43,-826714.8699999996,826714.8700000001,0,12.023083882291324,18.0,12.0,0.0,402,0
CASH_IN,53545.32,332927.2,386472.52,643709.74,590164.42,-53545.32000000001,-53545.31999999995,-107090.64000000001,107090.6399999999,0,16.08319176084141,11.0,8.0,0.0,563,0
PAYMENT,725.46,0.0,0.0,0.0,0.0,0.0,0.0,-725.46,725.46,1,,19.0,0.0,0.0,379,0
TRANSFER,473760.75,1031.0,0.0,0.0,473760.75,1031.0,473760.75,-472729.75,0.0,1,45951.57613967022,18.0,1.0,0.0,546,0
CASH_OUT,67278.22,0.0,0.0,78259.1,145537.31,0.0,67278.20999999999,-67278.22,0.010000000009313226,1,,20.0,0.0,0.0,404,0
TRANSFER,1943450.04,0.0,0.0,2044140.79,3987590.83,0.0,1943450.04,-1943450.04,0.0,1,,20.0,13.0,0.0,356,0
CASH_OUT,322894.08,30110.0,0.0,0.0,322894.08,30110.0,322894.08,-292784.08,0.0,1,1072.3815343739623,13.0,1.0,0.0,373,0
CASH_OUT,343027.67,447.0,0.0,7663079.44,8006107.11,447.0,343027.6699999999,-342580.67,0.0,1,76739.97091722595,14.0,19.0,0.0,518,0
CASH_OUT,407161.21,0.0,0.0,10016960.27,10424121.48,0.0,407161.2100000009,-407161.21,0.0,1,,10.0,31.0,0.0,370,0
CASH_OUT,278485.13,14732.0,0.0,1219082.72,1497567.85,14732.0,278485.1300000001,-263753.13,0.0,1,1890.3416372522402,15.0,13.0,0.0,495,0
CASH_IN,28938.49,78012.0,106950.49,1886263.38,1857324.9,-28938.490000000005,-28938.47999999998,-57876.98000000001,57876.96999999997,0,37.094921294159874,19.0,9.0,0.0,379,0
PAYMENT,46685.44,146439.0,99753.56,0.0,0.0,46685.44,0.0,0.0,46685.44,0,31.880469000744338,12.0,0.0,0.0,396,0
PAYMENT,8353.07,9056.0,702.93,0.0,0.0,8353.07,0.0,3.410605131648481e-13,8353.07,0,92.23796378091872,14.0,0.0,0.0,398,0
CASH_OUT,316839.72,535314.0,218474.28,0.0,316839.72,316839.72,316839.72,2.9103830456733704e-11,0.0,0,59.18763940416278,15.0,0.0,0.0,399,0
CASH_OUT,41151.68,1574.0,0.0,0.0,41151.68,1574.0,41151.68,-39577.68,0.0,1,2614.4650571791617,15.0,3.0,0.0,399,0
CASH_OUT,143438.63,0.0,0.0,1278861.93,1422300.56,0.0,143438.63000000012,-143438.63,0.0,1,,18.0,7.0,0.0,402,0
CASH_IN,126562.25,307083.4,433645.65,277320.55,150758.3,-126562.25,-126562.25,-253124.5,253124.5,0,41.21429227369502,11.0,3.0,0.0,659,0
CASH_OUT,133088.64,0.0,0.0,4024339.05,4157427.69,0.0,133088.64000000013,-133088.64,0.0,1,,15.0,11.0,0.0,375,0
CASH_IN,71241.91,1428398.41,1499640.32,898214.46,826972.55,-71241.91000000015,-71241.90999999992,-142483.82000000007,142483.81999999995,0,4.987537755660202,14.0,9.0,0.0,398,0
CASH_OUT,15072.78,0.0,0.0,427555.94,442628.72,0.0,15072.77999999997,-15072.78,5.820766091346741e-11,1,,13.0,3.0,0.0,373,0
CASH_IN,55349.38,7783111.66,7838461.04,148027.18,92677.79,-55349.37999999989,-55349.39,-110698.75999999978,110698.77,0,0.7111471917389914,15.0,4.0,0.0,471,0
CASH_OUT,377154.23,150900.0,0.0,0.0,377154.23,150900.0,377154.23,-226254.22999999998,0.0,1,249.93653412856193,10.0,0.0,0.0,370,0
PAYMENT,1680.04,357192.99,355512.95,0.0,0.0,1680.039999999979,0.0,0.0,1680.04,0,0.4703451767068553,17.0,0.0,0.0,545,0
PAYMENT,2178.27,10398.35,8220.08,0.0,0.0,2178.2700000000004,0.0,0.0,2178.27,0,20.94822736299509,20.0,0.0,0.0,380,0
CASH_OUT,32907.12,96980.0,64072.88,959069.18,991976.3,32907.12,32907.119999999995,0.0,0.0,0,33.93186223963704,18.0,6.0,0.0,402,0
CASH_OUT,241979.94,0.0,0.0,20458522.97,20700502.91,0.0,241979.94000000134,-241979.94,0.0,1,,19.0,4.0,0.0,379,0
CASH_IN,140043.98,6825810.97,6965854.95,984988.38,844944.4,-140043.98000000045,-140043.97999999998,-280087.9600000009,280087.9600000001,0,2.051682658888516,19.0,10.0,0.0,379,0
CASH_OUT,537686.11,99597.0,0.0,741184.75,1278870.86,99597.0,537686.1100000001,-438089.11,-2.3283064365386963e-10,1,539.861752864042,12.0,3.0,0.0,588,0
TRANSFER,718154.12,0.0,0.0,6586801.64,7304955.76,0.0,718154.1200000001,-718154.12,0.0,1,,20.0,42.0,0.0,356,0
CASH_OUT,88402.34,0.0,0.0,302337.23,390739.57,0.0,88402.34000000003,-88402.34,-5.820766091346741e-11,1,,13.0,0.0,0.0,397,0
PAYMENT,1593.68,0.0,0.0,0.0,0.0,0.0,0.0,-1593.68,1593.68,1,,21.0,0.0,0.0,525,0
CASH_OUT,289461.2,0.0,0.0,394820.11,684281.32,0.0,289461.20999999996,-289461.2,-0.009999999892897904,1,,15.0,11.0,0.0,399,0
PAYMENT,16027.48,663774.77,647747.28,0.0,0.0,16027.48999999999,0.0,0.010000000009313226,16027.48,0,2.414596143809443,0.0,0.0,0.0,408,0
CASH_OUT,180482.48,121887.0,0.0,2919233.46,3099715.94,121887.0,180482.47999999998,-58595.48000000001,0.0,1,148.07360916258503,13.0,26.0,0.0,589,0
PAYMENT,7300.03,42944.8,35644.77,0.0,0.0,7300.030000000006,0.0,7.275957614183426e-12,7300.03,0,16.998635457610696,23.0,0.0,0.0,527,0
PAYMENT,3661.33,350.0,0.0,0.0,0.0,350.0,0.0,-3311.33,3661.33,1,1046.0942857142857,18.0,0.0,0.0,402,0
CASH_OUT,90738.48,0.0,0.0,251386.46,342124.94,0.0,90738.48000000001,-90738.48,0.0,1,,9.0,2.0,0.0,681,0
PAYMENT,5657.18,562.0,0.0,0.0,0.0,562.0,0.0,-5095.18,5657.18,1,1006.6156583629894,11.0,0.0,0.0,371,0
PAYMENT,2371.36,286192.14,283820.78,0.0,0.0,2371.359999999986,0.0,0.0,2371.36,0,0.8285901911911346,15.0,0.0,0.0,375,0
CASH_IN,184306.3,5435286.85,5619593.15,1208248.4,1023942.1,-184306.30000000075,-184306.29999999993,-368612.60000000056,368612.6,0,3.390921308964586,20.0,4.0,0.0,404,0
CASH_OUT,161639.26,30937.0,0.0,0.0,386546.48,30937.0,386546.48,-130702.26000000001,-224907.21999999997,1,522.4787794550215,15.0,2.0,0.0,399,0
PAYMENT,15379.54,11648.0,0.0,0.0,0.0,11648.0,0.0,-3731.540000000001,15379.54,1,132.03588598901098,13.0,0.0,0.0,397,0
CASH_OUT,1408.7,1944.78,536.08,2112968.42,2114377.12,1408.6999999999998,1408.7000000001863,-1.1368683772161603e-13,0.0,0,72.43492837236089,21.0,8.0,0.0,405,0
PAYMENT,8388.56,0.0,0.0,0.0,0.0,0.0,0.0,-8388.56,8388.56,1,,10.0,0.0,0.0,514,0
CASH_OUT,158209.43,10039.0,0.0,1050355.62,1208565.05,10039.0,158209.42999999993,-148170.43,0.0,1,1575.9481024006375,20.0,8.0,0.0,356,0
CASH_OUT,214677.83,0.0,0.0,1073850.68,1288528.51,0.0,214677.83000000007,-214677.83,0.0,1,,13.0,8.0,0.0,373,0
CASH_OUT,633.69,89090.0,88456.31,0.0,633.69,633.6900000000023,633.69,0.0,0.0,0,0.7112919519586934,20.0,0.0,0.0,380,0
PAYMENT,42615.82,312575.7,269959.89,0.0,0.0,42615.81,0.0,-0.010000000009313226,42615.82,0,13.633759758036213,5.0,0.0,0.0,413,0
CASH_IN,394765.98,204027.0,598792.98,10707099.6,10312333.62,-394765.98,-394765.98000000045,-789531.96,789531.9600000009,0,193.4871267038186,15.0,0.0,0.0,567,0
CASH_IN,77781.38,17114.0,94895.38,0.0,0.0,-77781.38,0.0,-155562.76,77781.38,0,454.48977445366364,9.0,0.0,0.0,393,0
PAYMENT,40437.39,0.0,0.0,0.0,0.0,0.0,0.0,-40437.39,40437.39,1,,16.0,0.0,0.0,400,0
PAYMENT,11001.29,0.0,0.0,0.0,0.0,0.0,0.0,-11001.29,11001.29,1,,10.0,0.0,0.0,370,0
PAYMENT,7874.14,3933.57,0.0,0.0,0.0,3933.57,0.0,-3940.57,7874.14,1,200.17795539420936,20.0,0.0,0.0,404,0
PAYMENT,21815.92,50601.0,28785.08,0.0,0.0,21815.92,0.0,0.0,21815.92,0,43.11361435544752,14.0,0.0,0.0,374,0
TRANSFER,199116.13,0.0,0.0,623812.26,822928.39,0.0,199116.13,-199116.13,0.0,1,,19.0,16.0,0.0,379,0
PAYMENT,24088.12,144322.0,120233.88,0.0,0.0,24088.119999999995,0.0,0.0,24088.12,0,16.690539210931114,12.0,0.0,0.0,588,0
PAYMENT,20751.8,835.0,0.0,0.0,0.0,835.0,0.0,-19916.8,20751.8,1,2485.245508982036,0.0,0.0,0.0,384,0
PAYMENT,6805.76,10859.0,4053.24,0.0,0.0,6805.76,0.0,0.0,6805.76,0,62.67391104153237,15.0,0.0,0.0,399,0
CASH_OUT,254683.93,11297.0,0.0,0.0,254683.93,11297.0,254683.93,-243386.93,0.0,1,2254.4386120208906,12.0,0.0,0.0,372,0
TRANSFER,680022.29,20521.0,0.0,191212.94,871235.23,20521.0,680022.29,-659501.29,0.0,1,3313.787291067687,14.0,4.0,0.0,398,0
CASH_OUT,273684.65,11591.0,0.0,4957278.68,5230963.33,11591.0,273684.6500000004,-262093.65000000002,0.0,1,2361.1823828832717,10.0,17.0,0.0,490,0
CASH_OUT,254865.07,10442.0,0.0,3335450.89,3590315.96,10442.0,254865.06999999983,-244423.07,0.0,1,2440.7687224669603,18.0,24.0,0.0,402,0
CASH_OUT,211610.46,80622.0,0.0,0.0,211610.46,80622.0,211610.46,-130988.45999999999,0.0,1,262.4723524596264,13.0,7.0,0.0,709,0
CASH_IN,101701.49,15360.0,117061.49,813305.03,711603.54,-101701.49,-101701.48999999999,-203402.98,203402.97999999998,0,662.1190755208333,9.0,12.0,0.0,681,0
CASH_IN,21550.25,61239.0,82789.25,3135128.44,3113578.19,-21550.25,-21550.25,-43100.5,43100.5,0,35.19040154150133,18.0,19.0,0.0,594,0
CASH_IN,216963.8,961912.54,1178876.34,12499216.88,12282253.08,-216963.80000000005,-216963.80000000075,-433927.6000000001,433927.6000000015,0,22.555460187679845,15.0,21.0,0.0,495,0
TRANSFER,1037437.74,0.0,0.0,1539790.92,2577228.66,0.0,1037437.7400000002,-1037437.74,0.0,1,,12.0,17.0,0.0,396,0
CASH_IN,100207.69,1976035.66,2076243.35,920602.43,820394.74,-100207.69000000018,-100207.69000000006,-200415.38000000012,200415.38000000012,0,5.07114785570216,20.0,6.0,0.0,380,0
PAYMENT,25155.44,373593.89,348438.46,0.0,0.0,25155.429999999993,0.0,-0.010000000009313226,25155.44,0,6.733364938061487,11.0,0.0,0.0,563,0
TRANSFER,308426.69,8019.0,0.0,0.0,308426.69,8019.0,308426.69,-300407.69,0.0,1,3846.19890260631,18.0,0.0,0.0,402,0
CASH_IN,194878.3,3534715.81,3729594.11,785785.94,590907.64,-194878.2999999998,-194878.29999999993,-389756.5999999996,389756.6,0,5.513266425795062,16.0,3.0,0.0,592,0
CASH_IN,306831.29,146.0,306977.29,457818.36,150987.07,-306831.29,-306831.29,-613662.58,613662.5799999998,0,210158.41780821915,17.0,2.0,0.0,401,0
PAYMENT,3569.64,19972.0,16402.36,0.0,0.0,3569.6399999999994,0.0,0.0,3569.64,0,17.873222511516122,11.0,0.0,0.0,395,0
PAYMENT,27250.6,10545.0,0.0,0.0,0.0,10545.0,0.0,-16705.6,27250.6,1,258.42200094831674,14.0,0.0,0.0,398,0
CASH_OUT,275119.71,82765.31,0.0,6223963.92,6653833.24,82765.31,429869.3200000003,-192354.40000000002,-154749.61000000034,1,332.40944787133645,13.0,30.0,0.0,373,0
DEBIT,1631.79,693999.0,692367.21,459643.85,461275.65,1631.7900000000373,1631.8000000000466,0.0,-0.010000000067520887,0,0.23512858087691768,22.0,10.0,0.0,358,0
CASH_IN,189673.83,51893.0,241566.83,0.0,0.0,-189673.83,0.0,-379347.66,189673.83,0,365.5094714123292,13.0,0.0,0.0,373,0
CASH_IN,87877.37,76479.77,164357.14,105353.67,17476.29,-87877.37000000001,-87877.38,-175754.74,175754.74999999997,0,114.90276448268605,12.0,2.0,0.0,372,0
CASH_OUT,450641.97,0.0,0.0,9323314.77,9773956.74,0.0,450641.97000000067,-450641.97,0.0,1,,14.0,28.0,0.0,374,0
PAYMENT,7817.4,18976.0,11158.6,0.0,0.0,7817.4,0.0,0.0,7817.4,0,41.1962478920742,16.0,0.0,0.0,400,0
CASH_OUT,63308.34,2118.0,0.0,284161.67,347470.01,2118.0,63308.340000000026,-61190.34,0.0,1,2989.0623229461758,9.0,12.0,0.0,393,0
PAYMENT,7440.51,69775.0,62334.49,0.0,0.0,7440.510000000002,0.0,0.0,7440.51,0,10.663575779290577,16.0,0.0,0.0,592,0
CASH_OUT,165242.55,11828.0,0.0,68705.1,233947.65,11828.0,165242.55,-153414.55,0.0,1,1397.0455698342914,18.0,3.0,0.0,402,0
CASH_IN,172884.22,1316797.97,1489682.19,413808.31,240924.09,-172884.21999999997,-172884.22,-345768.43999999994,345768.44000000006,0,13.129137797805079,21.0,8.0,0.0,669,0
PAYMENT,8181.01,0.0,0.0,0.0,0.0,0.0,0.0,-8181.01,8181.01,1,,12.0,0.0,0.0,372,0
CASH_IN,154621.77,3579669.6,3734291.37,2184806.75,2030184.97,-154621.77000000002,-154621.78000000003,-309243.54000000004,309243.55000000005,0,4.319442498268555,20.0,14.0,0.0,404,0
PAYMENT,29452.03,483531.91,454079.89,0.0,0.0,29452.01999999996,0.0,-0.010000000009313226,29452.03,0,6.091020962815049,16.0,0.0,0.0,376,0
CASH_OUT,227078.33,704877.0,477798.67,384708.01,611786.34,227078.33000000002,227078.32999999996,5.820766091346741e-11,0.0,0,32.215312742506846,15.0,2.0,0.0,399,0
CASH_OUT,12520.48,92214.0,79693.52,199064.63,211585.11,12520.479999999996,12520.479999999981,0.0,2.9103830456733704e-11,0,13.577634632485305,21.0,1.0,0.0,405,0
CASH_OUT,61656.61,0.0,0.0,423842.38,485498.99,0.0,61656.609999999986,-61656.61,0.0,1,,22.0,1.0,0.0,406,0
CASH_IN,110212.05,136702.0,246914.05,1135838.23,1025626.17,-110212.04999999999,-110212.05999999994,-220424.09999999998,220424.11,0,80.62211964711562,17.0,7.0,0.0,401,0
CASH_OUT,130516.41,11204.0,0.0,0.0,130516.41,11204.0,130516.41,-119312.41,0.0,1,1164.9090503391647,22.0,2.0,0.0,382,0
PAYMENT,15503.93,15236.0,0.0,0.0,0.0,15236.0,0.0,-267.9300000000003,15503.93,1,101.75853242320821,23.0,0.0,0.0,359,0
CASH_OUT,140856.44,8878.0,0.0,473459.68,614316.12,8878.0,140856.44,-131978.44,0.0,1,1586.5785086731246,15.0,2.0,0.0,399,0
CASH_OUT,87722.68,8728.0,0.0,2760873.82,2848596.5,8728.0,87722.68000000017,-78994.68,0.0,1,1005.0719523373051,13.0,14.0,0.0,373,0
CASH_OUT,73165.2,0.0,0.0,254344.17,327509.38,0.0,73165.20999999999,-73165.2,-0.010000000009313226,1,,11.0,3.0,0.0,395,0
TRANSFER,384400.11,0.0,0.0,403989.37,788389.48,0.0,384400.11,-384400.11,0.0,1,,20.0,7.0,0.0,380,0
CASH_OUT,141317.03,0.0,0.0,1464376.49,1605693.51,0.0,141317.02000000002,-141317.03,0.010000000009313226,1,,22.0,1.0,0.0,358,0
TRANSFER,776037.25,0.0,0.0,920410.93,1696448.18,0.0,776037.2499999999,-776037.25,2.3283064365386963e-10,1,,11.0,11.0,0.0,371,0
PAYMENT,6062.02,438079.01,432016.98,0.0,0.0,6062.030000000028,0.0,0.010000000009313226,6062.02,0,1.383773214790638,18.0,0.0,0.0,378,0
PAYMENT,7738.45,0.0,0.0,0.0,0.0,0.0,0.0,-7738.45,7738.45,1,,19.0,0.0,0.0,403,0
PAYMENT,1390.97,0.0,0.0,0.0,0.0,0.0,0.0,-1390.97,1390.97,1,,19.0,0.0,0.0,595,0
TRANSFER,3971576.76,478.0,0.0,1346399.97,5317976.73,478.0,3971576.7600000007,-3971098.76,-9.313225746154785e-10,1,830873.7991631798,16.0,17.0,0.0,376,0
PAYMENT,18277.79,0.0,0.0,0.0,0.0,0.0,0.0,-18277.79,18277.79,1,,19.0,0.0,0.0,379,0
CASH_IN,18194.28,6041094.55,6059288.83,337277.05,319082.77,-18194.28000000026,-18194.27999999997,-36388.56000000052,36388.55999999994,0,0.3011752232879719,12.0,1.0,0.0,684,0
CASH_IN,4706.22,259124.0,263830.22,6369913.43,6365207.21,-4706.219999999972,-4706.219999999739,-9412.439999999973,9412.439999999478,0,1.8162038251956594,20.0,3.0,0.0,380,0
CASH_OUT,118748.57,22070.0,0.0,0.0,118748.57,22070.0,118748.57,-96678.57,0.0,1,538.0542365201632,13.0,0.0,0.0,469,0
PAYMENT,10327.08,21430.0,11102.92,0.0,0.0,10327.08,0.0,0.0,10327.08,0,48.18982734484368,13.0,0.0,0.0,373,0
CASH_IN,162755.94,14456.0,177211.94,0.0,0.0,-162755.94,0.0,-325511.88,162755.94,0,1125.8711953514112,19.0,0.0,0.0,667,0
CASH_IN,139104.41,43022.0,182126.41,180785.72,41681.31,-139104.41,-139104.41,-278208.82,278208.82,0,323.333201617777,12.0,2.0,0.0,396,0
PAYMENT,1980.23,0.0,0.0,0.0,0.0,0.0,0.0,-1980.23,1980.23,1,,0.0,0.0,0.0,408,0
PAYMENT,16147.14,198.0,0.0,0.0,0.0,198.0,0.0,-15949.14,16147.14,1,8155.121212121212,21.0,0.0,0.0,525,0
CASH_IN,131124.45,145549.0,276673.45,0.0,0.0,-131124.45,0.0,-262248.9,131124.45,0,90.08955746861882,12.0,0.0,0.0,420,0
PAYMENT,69719.19,343678.28,273959.09,0.0,0.0,69719.19,0.0,0.0,69719.19,0,20.28617869014009,12.0,0.0,0.0,492,0
TRANSFER,1873959.98,34516.0,0.0,0.0,1873959.98,34516.0,1873959.98,-1839443.98,0.0,1,5429.250144860354,18.0,1.0,0.0,522,0
CASH_IN,473678.43,834.0,474512.43,9586357.74,9112679.3,-473678.43,-473678.4399999995,-947356.86,947356.8699999992,0,56795.974820143885,13.0,23.0,0.0,469,0
CASH_OUT,176240.93,69200.0,0.0,423736.8,599977.72,69200.0,176240.91999999998,-107040.93,0.010000000009313226,1,254.68342485549132,19.0,3.0,0.0,715,0
PAYMENT,8169.68,0.0,0.0,0.0,0.0,0.0,0.0,-8169.68,8169.68,1,,18.0,0.0,0.0,378,0
PAYMENT,31691.68,0.0,0.0,0.0,0.0,0.0,0.0,-31691.68,31691.68,1,,11.0,0.0,0.0,371,0
TRANSFER,261422.58,0.0,0.0,2431372.34,2692794.92,0.0,261422.58000000007,-261422.58,0.0,1,,0.0,3.0,0.0,408,0
CASH_OUT,156046.0,0.0,0.0,20196279.77,20352325.77,0.0,156046.0,-156046.0,0.0,1,,20.0,44.0,0.0,404,0
TRANSFER,2084459.09,11658.0,0.0,153673.24,2238132.33,11658.0,2084459.09,-2072801.09,0.0,1,17880.074541087666,9.0,0.0,0.0,369,0
