type,amount,oldbalanceOrg,newbalanceOrig,oldbalanceDest,newbalanceDest,sender_debited,receiver_credited,sender_mismatch,receiver_mismatch,account_emptied,amount_pct_sender_balance,hour_of_day,receiver_activity_count,sender_transactions_24h
CASH_OUT,427454.81,227540.0,0.0,23096.69,450551.5,227540.0,427454.81,-199914.81,0.0,1,187.85919398787024,14.0,0.0,0.0
CASH_OUT,180453.71,105013.0,0.0,1378801.46,1559255.18,105013.0,180453.71999999997,-75440.70999999999,-0.010000000009313226,1,171.83940083608695,22.0,10.0,0.0
CASH_OUT,119950.65,0.0,0.0,5902389.86,6022340.5,0.0,119950.63999999966,-119950.65,0.010000000707805157,1,,14.0,24.0,0.0
CASH_OUT,144320.84,0.0,0.0,165960.16,310281.0,0.0,144320.84,-144320.84,0.0,1,,18.0,12.0,0.0
PAYMENT,11948.49,21437.0,9488.51,0.0,0.0,11948.49,0.0,0.0,11948.49,0,55.737696506040955,16.0,0.0,0.0
CASH_IN,165884.18,1443428.31,1609312.49,193382.88,27498.7,-165884.17999999993,-165884.18,-331768.35999999987,331768.36,0,11.492374013365444,15.0,1.0,0.0
CASH_OUT,162260.01,14498.0,0.0,52658.14,214918.15,14498.0,162260.01,-147762.01,2.9103830456733704e-11,1,1119.1889226100152,9.0,2.0,0.0
CASH_OUT,115645.17,0.0,0.0,3754789.75,3870434.92,0.0,115645.16999999993,-115645.17,0.0,1,,14.0,26.0,0.0
PAYMENT,3142.24,103520.29,100378.05,0.0,0.0,3142.2399999999907,0.0,-1.4551915228366852e-11,3142.24,0,3.0353856234367194,11.0,0.0,0.0
PAYMENT,36690.32,0.0,0.0,0.0,0.0,0.0,0.0,-36690.32,36690.32,1,,20.0,0.0,0.0
PAYMENT,28959.99,412707.92,383747.93,0.0,0.0,28959.98999999999,0.0,0.0,28959.99,0,7.017066694528179,12.0,0.0,0.0
CASH_OUT,304599.9,0.0,0.0,4029119.26,4333719.17,0.0,304599.91000000015,-304599.9,-0.009999999776482582,1,,21.0,21.0,0.0
CASH_IN,255321.5,4793508.7,5048830.2,693141.04,437819.55,-255321.5,-255321.49000000005,-510643.0,510642.99000000005,0,5.326401097384052,14.0,2.0,0.0
CASH_OUT,241180.35,21139.0,0.0,1937569.05,2178749.4,21139.0,241180.34999999986,-220041.35,0.0,1,1140.926013529495,20.0,10.0,0.0
PAYMENT,14709.0,0.0,0.0,0.0,0.0,0.0,0.0,-14709.0,14709.0,1,,19.0,0.0,0.0
CASH_IN,22803.91,699791.0,722594.91,610342.33,587538.42,-22803.910000000033,-22803.909999999916,-45607.820000000065,45607.81999999995,0,3.2586743756350107,18.0,6.0,0.0
PAYMENT,2009.21,20841.0,18831.79,0.0,0.0,2009.2099999999991,0.0,0.0,2009.21,0,9.640660237032773,23.0,0.0,0.0
CASH_OUT,88910.78,0.0,0.0,233284.35,322195.13,0.0,88910.78,-88910.78,0.0,1,,15.0,3.0,0.0
CASH_OUT,454382.84,50799.0,0.0,1741060.36,2195443.2,50799.0,454382.8400000001,-403583.84,0.0,1,894.4720171656924,15.0,8.0,0.0
CASH_OUT,84725.1,16548.0,0.0,460389.73,545114.83,16548.0,84725.09999999998,-68177.1,0.0,1,511.99601160261057,13.0,6.0,0.0
CASH_OUT,81831.88,101718.0,19886.12,0.0,81831.88,81831.88,81831.88,-3.637978807091713e-12,0.0,0,80.44975323934801,18.0,2.0,0.0
CASH_OUT,67111.92,0.0,0.0,117295.01,184406.92,0.0,67111.91000000002,-67111.92,0.009999999980209395,1,,19.0,1.0,0.0
CASH_IN,7886.45,226419.0,234305.45,2117821.21,2109934.76,-7886.450000000012,-7886.450000000186,-15772.900000000023,15772.900000000373,0,3.483121999478842,16.0,9.0,0.0
PAYMENT,11333.5,4646.0,0.0,0.0,0.0,4646.0,0.0,-6687.5,11333.5,1,243.94102453723633,19.0,0.0,0.0
PAYMENT,4894.35,0.0,0.0,0.0,0.0,0.0,0.0,-4894.35,4894.35,1,,10.0,0.0,0.0
PAYMENT,39686.06,31971.0,0.0,0.0,0.0,31971.0,0.0,-7715.059999999998,39686.06,1,124.13143160989645,9.0,0.0,0.0
CASH_OUT,154674.07,0.0,0.0,158198.34,312872.42,0.0,154674.08,-154674.07,-0.009999999951105565,1,,18.0,1.0,0.0
CASH_OUT,95118.82,10308.0,0.0,130652.34,225771.15,10308.0,95118.81,-84810.82,0.010000000009313226,1,922.7669771051611,13.0,2.0,0.0
TRANSFER,239320.17,10733.0,0.0,1392987.57,1632307.74,10733.0,239320.16999999993,-228587.17,0.0,1,2229.7602720581385,12.0,18.0,0.0
PAYMENT,8955.51,209443.0,200487.49,0.0,0.0,8955.51000000001,0.0,0.0,8955.51,0,4.275869807059678,21.0,0.0,0.0
PAYMENT,8905.17,10519.0,1613.83,0.0,0.0,8905.17,0.0,0.0,8905.17,0,84.6579522768324,19.0,0.0,0.0
CASH_IN,200881.03,3810718.0,4011599.03,435191.36,234310.33,-200881.0299999998,-200881.03,-401762.0599999996,401762.06000000006,0,5.271474562011673,15.0,1.0,0.0
CASH_OUT,31553.35,53797.0,22243.65,0.0,31553.35,31553.35,31553.35,0.0,0.0,0,58.65262003457442,18.0,1.0,0.0
PAYMENT,11470.28,0.0,0.0,0.0,0.0,0.0,0.0,-11470.28,11470.28,1,,11.0,0.0,0.0
CASH_IN,178415.51,8146833.21,8325248.72,9351544.76,9173129.25,-178415.50999999978,-178415.50999999978,-356831.01999999955,356831.01999999955,0,2.189998314694846,14.0,0.0,0.0
CASH_IN,153733.82,9924840.55,10078574.37,599831.66,446097.84,-153733.81999999844,-153733.82,-307467.63999999873,307467.63999999996,0,1.548980250367851,10.0,8.0,0.0
CASH_OUT,112297.86,0.0,0.0,2519617.41,2631915.27,0.0,112297.85999999987,-112297.86,0.0,1,,17.0,6.0,0.0
PAYMENT,25141.56,655566.28,630424.73,0.0,0.0,25141.550000000047,0.0,-0.010000000009313226,25141.56,0,3.835090480858778,16.0,0.0,0.0
CASH_IN,371601.83,11953060.68,12324662.51,1241489.26,1005867.68,-371601.8300000001,-235621.57999999996,-743203.6600000001,607223.41,0,3.1088424960626906,11.0,17.0,0.0
CASH_OUT,10600.2,0.0,0.0,116365.5,126965.7,0.0,10600.199999999997,-10600.2,0.0,1,,13.0,1.0,0.0
CASH_OUT,389977.93,0.0,0.0,811402.14,1201380.06,0.0,389977.92000000004,-389977.93,0.010000000009313226,1,,17.0,6.0,0.0
PAYMENT,4773.5,442.0,0.0,0.0,0.0,442.0,0.0,-4331.5,4773.5,1,1079.9773755656108,9.0,0.0,0.0
PAYMENT,7937.06,0.0,0.0,0.0,0.0,0.0,0.0,-7937.06,7937.06,1,,14.0,0.0,0.0
CASH_IN,5805.57,1849952.75,1855758.31,3294581.64,3288776.07,-5805.560000000056,-5805.570000000298,-11611.130000000121,11611.14000000013,0,0.31382260979368254,21.0,14.0,0.0
CASH_OUT,221474.62,0.0,0.0,399029.75,620504.37,0.0,221474.62,-221474.62,0.0,1,,15.0,3.0,0.0
CASH_OUT,105083.27,0.0,0.0,353837.18,458920.45,0.0,105083.27000000002,-105083.27,0.0,1,,19.0,14.0,0.0
PAYMENT,4234.31,0.0,0.0,0.0,0.0,0.0,0.0,-4234.31,4234.31,1,,10.0,0.0,0.0
CASH_IN,25472.66,2014747.53,2040220.2,100216.68,251195.27,-25472.669999999925,150978.59,-50945.32999999984,-125505.93,0,1.2643102731586424,14.0,1.0,0.0
CASH_IN,108248.44,3705516.6,3813765.04,653086.46,544838.03,-108248.43999999994,-108248.42999999993,-216496.8799999999,216496.86999999988,0,2.921277967018148,12.0,2.0,0.0
PAYMENT,19715.44,0.0,0.0,0.0,0.0,0.0,0.0,-19715.44,19715.44,1,,18.0,0.0,0.0
PAYMENT,21610.62,453.0,0.0,0.0,0.0,453.0,0.0,-21157.62,21610.62,1,4770.556291390728,12.0,0.0,0.0
CASH_OUT,92053.26,124.0,0.0,0.0,92053.26,124.0,92053.26,-91929.26,0.0,1,74236.5,16.0,0.0,0.0
PAYMENT,36102.76,0.0,0.0,0.0,0.0,0.0,0.0,-36102.76,36102.76,1,,16.0,0.0,0.0
TRANSFER,62747.63,150.0,0.0,44482.9,107230.53,150.0,62747.63,-62597.63,0.0,1,41831.75333333333,19.0,1.0,0.0
CASH_IN,36208.37,3192296.18,3228504.55,563152.48,526944.11,-36208.369999999646,-36208.369999999995,-72416.73999999976,72416.73999999999,0,1.1342421867635102,15.0,3.0,0.0
CASH_OUT,85017.24,44584.0,0.0,0.0,85017.24,44584.0,85017.24,-40433.240000000005,0.0,1,190.690023326754,18.0,1.0,0.0
CASH_IN,191165.35,51020.0,242185.35,172333.67,0.0,-191165.35,-172333.67,-382330.7,363499.02,0,374.687083496668,20.0,5.0,0.0
CASH_OUT,181676.99,0.0,0.0,3189096.01,3370773.0,0.0,181676.99000000022,-181676.99,0.0,1,,10.0,27.0,0.0
CASH_OUT,126770.13,1246.0,0.0,7677.54,134447.67,1246.0,126770.13000000002,-125524.13,0.0,1,10174.167736757625,9.0,0.0,0.0
PAYMENT,92075.39,0.0,0.0,0.0,0.0,0.0,0.0,-92075.39,92075.39,1,,10.0,0.0,0.0
TRANSFER,1249329.91,266377.83,0.0,300374.27,1549704.19,266377.83,1249329.92,-982952.0799999998,-0.010000000009313226,1,469.0067150107799,10.0,1.0,0.0
PAYMENT,608.44,101054.67,100446.23,0.0,0.0,608.4400000000023,0.0,0.0,608.44,0,0.6020899380503643,19.0,0.0,0.0
CASH_IN,456038.43,2192848.54,2648886.98,737569.45,281531.01,-456038.43999999994,-456038.43999999994,-912076.8699999999,912076.8699999999,0,20.79662236955043,14.0,4.0,0.0
CASH_OUT,230355.88,52036.0,0.0,0.0,230355.88,52036.0,230355.88,-178319.88,0.0,1,442.68560227534783,15.0,0.0,0.0
PAYMENT,18861.98,0.0,0.0,0.0,0.0,0.0,0.0,-18861.98,18861.98,1,,10.0,0.0,0.0
CASH_IN,226564.07,285536.0,512100.07,1239475.17,1012911.09,-226564.07,-226564.07999999996,-453128.14,453128.15,0,79.34693698868094,16.0,4.0,0.0
CASH_OUT,321241.84,321241.84,0.0,0.0,321241.84,321241.84,321241.84,0.0,0.0,1,100.0,21.0,1.0,0.0
CASH_OUT,102263.6,0.0,0.0,914855.64,1204506.05,0.0,289650.41000000003,-102263.6,-187386.81000000006,1,,16.0,1.0,0.0
CASH_OUT,188588.25,0.0,0.0,732197.62,920785.87,0.0,188588.25,-188588.25,0.0,1,,0.0,7.0,0.0
CASH_OUT,212025.31,0.0,0.0,2970458.03,3182483.34,0.0,212025.31000000006,-212025.31,0.0,1,,17.0,16.0,0.0
TRANSFER,472740.91,0.0,0.0,702308.69,1175049.59,0.0,472740.90000000014,-472740.91,0.009999999776482582,1,,13.0,4.0,0.0
PAYMENT,18891.78,0.0,0.0,0.0,0.0,0.0,0.0,-18891.78,18891.78,1,,12.0,0.0,0.0
PAYMENT,6214.12,1043.0,0.0,0.0,0.0,1043.0,0.0,-5171.12,6214.12,1,595.7929050814956,12.0,0.0,0.0
TRANSFER,881455.03,42049.92,0.0,5148746.12,6030201.15,42049.92,881455.0300000003,-839405.11,0.0,1,2096.210955930475,11.0,31.0,0.0
PAYMENT,1010.57,356196.0,355185.43,0.0,0.0,1010.570000000007,0.0,0.0,1010.57,0,0.2837117766622871,18.0,0.0,0.0
CASH_OUT,98876.76,101.0,0.0,1459428.83,1558305.59,101.0,98876.76000000001,-98775.76,0.0,1,97897.7821782178,14.0,14.0,0.0
CASH_IN,288814.24,11726225.45,12015039.69,6702355.93,6413541.69,-288814.2400000002,-288814.2399999993,-577628.4800000004,577628.4799999995,0,2.462977035803111,11.0,2.0,0.0
CASH_OUT,237975.22,0.0,0.0,4308941.27,4546916.49,0.0,237975.22000000067,-237975.22,-9.313225746154785e-10,1,,14.0,17.0,0.0
PAYMENT,18645.52,0.0,0.0,0.0,0.0,0.0,0.0,-18645.52,18645.52,1,,18.0,0.0,0.0
CASH_OUT,21503.58,0.0,0.0,647904.38,540148.27,0.0,-107756.10999999999,-21503.58,129259.68999999994,1,,14.0,10.0,0.0
CASH_OUT,413109.72,15639.0,0.0,49534.0,699554.98,15639.0,650020.98,-397470.72,-236911.26,1,2641.5353922885092,17.0,0.0,0.0
CASH_IN,435774.15,206827.35,642601.5,2313563.44,1877789.3,-435774.15,-435774.1399999999,-871548.3,871548.2899999998,0,210.69464459124964,22.0,13.0,0.0
CASH_IN,115994.53,5552672.61,5668667.14,228639.87,112645.35,-115994.52999999933,-115994.51999999999,-231989.0599999996,231989.05000000002,0,2.088985577703635,14.0,1.0,0.0
CASH_IN,198504.28,11569149.2,11767653.48,828493.53,629989.25,-198504.2800000012,-198504.28000000003,-397008.5600000005,397008.56000000006,0,1.7158070707567676,14.0,6.0,0.0
CASH_OUT,18813.14,0.0,0.0,10444105.56,10462918.7,0.0,18813.139999998733,-18813.14,1.862645149230957e-09,1,,12.0,28.0,0.0
CASH_OUT,249619.53,0.0,0.0,868709.83,1118329.36,0.0,249619.53000000014,-249619.53,-2.3283064365386963e-10,1,,19.0,7.0,0.0
CASH_OUT,194235.83,0.0,0.0,2098852.84,2229892.88,0.0,131040.04000000004,-194235.83,63195.79000000004,1,,10.0,7.0,0.0
TRANSFER,780876.52,10597.0,0.0,0.0,780876.52,10597.0,780876.52,-770279.52,0.0,1,7368.8451448523165,15.0,0.0,0.0
PAYMENT,10679.28,1502.58,0.0,0.0,0.0,1502.58,0.0,-9176.7,10679.28,1,710.7295451822865,18.0,0.0,0.0
PAYMENT,18296.49,0.0,0.0,0.0,0.0,0.0,0.0,-18296.49,18296.49,1,,15.0,0.0,0.0
TRANSFER,156304.06,0.0,0.0,870740.85,1027044.92,0.0,156304.07000000007,-156304.06,-0.010000000125728548,1,,11.0,5.0,0.0
TRANSFER,18144.74,0.0,0.0,113085.82,131230.56,0.0,18144.73999999999,-18144.74,0.0,1,,17.0,3.0,0.0
CASH_IN,972.29,4845927.69,4846899.98,11992548.45,11991576.16,-972.2900000000373,-972.2899999991059,-1944.5800000000745,1944.5799999982119,0,0.020064063316636075,10.0,3.0,0.0
CASH_IN,191368.24,4450169.51,4641537.75,210203.97,18835.72,-191368.24000000022,-191368.25,-382736.48000000045,382736.49,0,4.300246082086883,20.0,4.0,0.0
CASH_IN,345952.74,1962437.15,2308389.89,1171826.31,825873.57,-345952.7400000002,-345952.7400000001,-691905.4800000002,691905.4800000001,0,17.62872966403026,16.0,19.0,0.0
TRANSFER,132942.23,0.0,0.0,706635.1,839577.33,0.0,132942.22999999998,-132942.23,0.0,1,,14.0,11.0,0.0
CASH_OUT,52636.58,0.0,0.0,526563.76,663064.69,0.0,136500.92999999993,-52636.58,-83864.34999999998,1,,16.0,3.0,0.0
CASH_OUT,144107.18,0.0,0.0,1616905.39,1761012.56,0.0,144107.17000000016,-144107.18,0.009999999776482582,1,,16.0,7.0,0.0
PAYMENT,8717.43,0.0,0.0,0.0,0.0,0.0,0.0,-8717.43,8717.43,1,,16.0,0.0,0.0
CASH_IN,313344.69,1845613.81,2158958.5,624107.22,310762.53,-313344.68999999994,-313344.68999999994,-626689.3799999999,626689.3799999999,0,16.977803715068646,23.0,3.0,0.0
