type,amount,oldbalanceOrg,newbalanceOrig,oldbalanceDest,newbalanceDest,isFraud
PAYMENT,3256.2600000000002,211153.70999999999,207897.44,0,0,0
PAYMENT,414.06,319127.64000000001,318713.58000000002,0,0,0
CASH_OUT,106679.05,0,0,5602006.1500000004,5708685.1900000004,0
CASH_OUT,169292.95000000001,0,0,351280.90999999997,520573.85999999999,0
CASH_IN,76670.940000000002,1708625.3999999999,1785296.3400000001,793951.79000000004,717280.84999999998,0
CASH_OUT,139650.75,0,0,380195.08000000002,519845.83000000002,0
PAYMENT,6152.04,898489.41000000003,892337.35999999999,0,0,0
CASH_IN,301.38999999999999,1080069.21,1080370.6000000001,75265.050000000003,74963.660000000003,0
CASH_OUT,31334.57,31334.57,0,0,31334.57,1
CASH_OUT,85549.130000000005,5700,0,0,85549.130000000005,0
TRANSFER,671406.79000000004,671406.79000000004,0,0,0,1
CASH_IN,341842.08000000002,20796,362638.08000000002,0,0,0
CASH_IN,56054.730000000003,3737253.7400000002,3793308.48,1471616.04,1415561.3100000001,0
TRANSFER,2887744.3500000001,2887744.3500000001,0,0,0,1
TRANSFER,6370726.8399999999,6370726.8399999999,0,0,0,1
CASH_OUT,1559540.6200000001,1559540.6200000001,0,100482.89999999999,1660023.52,1
CASH_IN,11866.059999999999,103540,115406.06,10406978.74,10395112.68,0
TRANSFER,811459.20999999996,811459.20999999996,0,0,0,1
CASH_IN,22720.77,1535939.0900000001,1558659.8600000001,188337.67000000001,165616.89999999999,0
CASH_OUT,65147.510000000002,74074,8926.4899999999998,145342.54999999999,210490.04999999999,0
CASH_IN,140378.63,1187124.8200000001,1327503.4399999999,908138.88,767760.25,0
PAYMENT,5667.6400000000003,10112,4444.3599999999997,0,0,0
PAYMENT,13614.540000000001,0,0,0,0,0
PAYMENT,10928.959999999999,2053,0,0,0,0
CASH_IN,199737.97,2782230.71,2981968.6800000002,947003.03000000003,747265.06000000006,0
DEBIT,6178.75,170095.94,163917.19,35959.900000000001,42138.660000000003,0
CASH_IN,130995.67,11675,142670.67000000001,0,0,0
TRANSFER,4152435.9100000001,4152435.9100000001,0,0,0,1
TRANSFER,2239461.29,2239461.29,0,0,0,1
CASH_OUT,442460.31,442460.31,0,0,442460.31,1
PAYMENT,20909.139999999999,21549,639.86000000000001,0,0,0
TRANSFER,2038513.48,0,0,3277591.6200000001,5316105.0999999996,0
CASH_OUT,10184.530000000001,51765,41580.470000000001,4098.46,14282.99,0
CASH_OUT,152021.66,858,0,524398.69999999995,676420.35999999999,0
CASH_IN,35794.800000000003,26910,62704.800000000003,522666.40999999997,486871.59999999998,0
CASH_IN,16580.209999999999,7438517.4100000001,7455097.6299999999,1073109.6399999999,1056529.4299999999,0
PAYMENT,214.88,0,0,0,0,0
CASH_OUT,429121.59999999998,324278,0,771702.53000000003,1200824.1200000001,0
TRANSFER,10000000,23752520.600000001,13752520.6,0,0,1
PAYMENT,6175,49753,43578,0,0,0
PAYMENT,157.47,0,0,0,0,0
PAYMENT,187.63,376943.72999999998,376756.09999999998,0,0,0
PAYMENT,26753.529999999999,26098,0,0,0,0
TRANSFER,580387.06000000006,580387.06000000006,0,0,0,1
TRANSFER,303486.96000000002,0,0,2335051.3900000001,2638538.3500000001,0
PAYMENT,17185.130000000001,5038,0,0,0,0
TRANSFER,407907.34000000003,407907.34000000003,0,0,0,1
CASH_OUT,170674.44,25599,0,0,170674.44,0
CASH_IN,140948.53,1223464.99,1364413.52,10108518.49,9967569.9600000009,0
CASH_OUT,168033.35999999999,168033.35999999999,0,1007215.9,1175249.26,1
CASH_OUT,101020.53,0,0,10601469.119999999,10702489.66,0
TRANSFER,10000000,11576874.039999999,1576874.04,0,0,1
CASH_OUT,266258.29999999999,16851,0,31769.43,298027.72999999998,0
CASH_IN,18359.639999999999,1443,19802.639999999999,1765859.8899999999,1747500.25,0
CASH_OUT,337409.25,82664,0,7121109.4100000001,7458518.6500000004,0
PAYMENT,9889.8500000000004,139,0,0,0,0
PAYMENT,26494.259999999998,0,0,0,0,0
CASH_OUT,120981.61,0,0,190593.89999999999,311575.52000000002,0
PAYMENT,12360.26,5757,0,0,0,0
CASH_OUT,29473.669999999998,29473.669999999998,0,32212.580000000002,61686.25,1
PAYMENT,14559.299999999999,157953.48000000001,143394.17999999999,0,0,0
CASH_OUT,100645.42999999999,0,0,418866.12,519511.53999999998,0
PAYMENT,2369.1999999999998,0,0,0,0,0
PAYMENT,6476.6999999999998,20010,13533.299999999999,0,0,0
CASH_OUT,178628.94,0,0,1900881.6100000001,2079510.55,0
CASH_OUT,32097.950000000001,295785,263687.04999999999,0,32097.950000000001,0
TRANSFER,254397.01999999999,0,0,7593725.4900000002,7848122.5099999998,0
TRANSFER,916644.03000000003,916644.03000000003,0,0,0,1
PAYMENT,10702.549999999999,0,0,0,0,0
CASH_IN,205594.31,2194385.4100000001,2399979.73,2463257.73,2257663.4100000001,0
PAYMENT,9464.1499999999996,0,0,0,0,0
PAYMENT,16377.209999999999,0,0,0,0,0
CASH_OUT,69170.910000000003,5544,0,3488771.8100000001,3557942.7200000002,0
CASH_OUT,382618.44,2765,0,1185251.6399999999,1567870.0900000001,0
PAYMENT,3804.29,165565,161760.70999999999,0,0,0
PAYMENT,27285.52,292732.04999999999,265446.53000000003,0,0,0
PAYMENT,10487.43,0,0,0,0,0
CASH_IN,55405.339999999997,86840,142245.34,593643.97999999998,538238.64000000001,0
CASH_OUT,166321.29999999999,150514.82999999999,0,1898689.78,2065011.0700000001,0
PAYMENT,15522.799999999999,1833.0899999999999,0,0,0,0
CASH_OUT,191909.32999999999,83,0,0,191909.32999999999,0
CASH_OUT,225470.82999999999,0,0,16245475.619999999,16470946.460000001,0
CASH_IN,240726.53,19660160.129999999,19900886.670000002,3108864.6000000001,2868138.0699999998,0
PAYMENT,1078.48,921,0,0,0,0
CASH_OUT,196079.81,9017,0,0,196079.81,0
TRANSFER,330240.54999999999,0,0,1583226.6399999999,1913467.1899999999,0
CASH_OUT,8851.3799999999992,8851.3799999999992,0,0,8851.3799999999992,1
PAYMENT,543.53999999999996,0,0,0,0,0
PAYMENT,10005.299999999999,51807,41801.699999999997,0,0,0
CASH_OUT,212169.60000000001,0,0,2674840.4900000002,2887010.0899999999,0
CASH_OUT,27852.27,0,0,3549930.4300000002,3577782.7000000002,0
TRANSFER,187104.20999999999,29596.32,0,4641166.9199999999,4828271.1299999999,0
PAYMENT,16093.18,0,0,0,0,0
TRANSFER,866867.22999999998,2095,0,856519.37,1723386.6000000001,0
PAYMENT,10642.610000000001,77692.970000000001,67050.360000000001,0,0,0
PAYMENT,9166.7299999999996,14222,5055.2700000000004,0,0,0
CASH_OUT,7175.5100000000002,146396.79999999999,139221.29999999999,2127315.48,2134490.98,0
PAYMENT,8357.4300000000003,238273,229915.57000000001,0,0,0
PAYMENT,6958.5900000000001,85298,78339.410000000003,0,0,0
TRANSFER,9593838.6300000008,9593838.6300000008,0,0,0,1
CASH_IN,102750.82000000001,11750,114500.82000000001,0,0,0
CASH_OUT,100008.52,11063,0,81286.360000000001,181294.87,0
CASH_OUT,3283695.9700000002,3283695.9700000002,0,154559.87,3438255.8399999999,1
CASH_OUT,52146.220000000001,4387,0,7425930.0499999998,7478076.2699999996,0
CASH_IN,84592.899999999994,1751856.8700000001,1836449.78,123194.97,38602.07,0
PAYMENT,13229.85,79670,66440.149999999994,0,0,0
CASH_OUT,99661.570000000007,383032,283370.42999999999,66858.820000000007,166520.39000000001,0
TRANSFER,1416055.74,1416055.74,0,0,0,1
TRANSFER,15916.59,10444,0,0,15916.59,0
CASH_OUT,1675153.28,1675153.28,0,12832.26,1687985.53,1
PAYMENT,15741.639999999999,49993,34251.360000000001,0,0,0
TRANSFER,262960.22999999998,262960.22999999998,0,0,0,1
CASH_OUT,8980853.8800000008,8980853.8800000008,0,50532.120000000003,9031386,1
TRANSFER,1367070.9399999999,1367070.9399999999,0,0,0,1
CASH_OUT,80724.940000000002,69729,0,6998.6099999999997,87723.550000000003,0
PAYMENT,1552.27,30487,28934.73,0,0,0
PAYMENT,9345,0,0,0,0,0
TRANSFER,4993938.8700000001,4993938.8700000001,0,0,0,1
CASH_OUT,317672.28000000003,11364,0,0,317672.28000000003,0
CASH_IN,250723.5,2144395.2400000002,2395118.7400000002,641324.96999999997,390601.46999999997,0
TRANSFER,803038.10999999999,803038.10999999999,0,0,0,1
CASH_IN,166174.51999999999,30144,196318.51999999999,3262494.48,3096319.96,0
CASH_OUT,15484.549999999999,0,0,1457831.6499999999,1473316.2,0
TRANSFER,1769179.04,0,0,4253417.6100000003,6022596.6500000004,0
CASH_OUT,204762.62,0,0,903530.82999999996,1108293.45,0
CASH_IN,78626.559999999998,3811236.5299999998,3889863.1000000001,1764093.72,1685467.1599999999,0
CASH_OUT,61697.360000000001,232802,171104.64000000001,181199.94,242897.29999999999,0
PAYMENT,1506.74,0,0,0,0,0
CASH_OUT,4672401.04,4672401.04,0,13043.09,4685444.1299999999,1
TRANSFER,10000000,13752520.6,3752520.6000000001,0,0,1
CASH_IN,138064.79999999999,5683756.3899999997,5821821.1799999997,438831.28000000003,300766.47999999998,0
TRANSFER,272637.21999999997,272637.21999999997,0,0,0,1
PAYMENT,9976.7299999999996,0,0,0,0,0
CASH_OUT,2277862.6699999999,2277862.6699999999,0,6894555.29,9172417.9600000009,1
CASH_IN,65247.160000000003,624,65871.160000000003,195182.07999999999,129934.92999999999,0
TRANSFER,714338.76000000001,109909,0,0,714338.76000000001,0
CASH_OUT,147877.79000000001,53398,0,0,147877.79000000001,0
TRANSFER,9421538.5,295295.28000000003,0,31402683.93,40824222.420000002,0
CASH_IN,419001.56,34,419035.56,0,0,0
PAYMENT,9010.3799999999992,62570.040000000001,53559.650000000001,0,0,0
DEBIT,2890.98,12868,9977.0200000000004,1274232.23,1277123.21,0
CASH_OUT,238463.92000000001,298106,59642.080000000002,300888.32000000001,539352.23999999999,0
PAYMENT,7105.96,81246.630000000005,74140.669999999998,0,0,0
PAYMENT,50893.410000000003,0,0,0,0,0
CASH_OUT,50722.160000000003,50722.160000000003,0,21829.490000000002,72551.639999999999,1
TRANSFER,347893.15999999997,347893.15999999997,0,0,0,1
TRANSFER,834495.08999999997,834495.08999999997,0,0,0,1
PAYMENT,6307.6099999999997,10243,3935.3899999999999,0,0,0
CASH_OUT,1649039.5800000001,1649039.5800000001,0,1970152.9299999999,3619192.5099999998,1
CASH_OUT,126122.14999999999,108613,0,2888519.3199999998,3014641.4700000002,0
CASH_OUT,315142.73999999999,152468,0,3747319.0099999998,4062461.75,0
CASH_OUT,118882.59,985,0,162477.95000000001,281360.54999999999,0
TRANSFER,37436.779999999999,37436.779999999999,0,0,0,1
PAYMENT,10343.299999999999,0,0,0,0,0
CASH_OUT,1648547.6899999999,1648547.6899999999,0,52864.150000000001,1701411.8400000001,1
TRANSFER,118791.14,203220.84,84429.699999999997,1079470.0700000001,1198261.21,0
CASH_OUT,268897.60999999999,14676,0,4673084.0700000003,4941981.6799999997,0
CASH_IN,114860.35000000001,3337960.1400000001,3452820.4900000002,147848.54999999999,32988.199999999997,0
PAYMENT,9061.1100000000006,14348,5286.8900000000003,0,0,0
TRANSFER,429257.45000000001,429257.45000000001,0,0,0,1
TRANSFER,154477.19,0,0,2470114.5800000001,2624591.77,0
CASH_OUT,285490.88,0,0,3342465.0099999998,3627955.8900000001,0
PAYMENT,4521.3699999999999,116967,112445.63,0,0,0
CASH_OUT,181785.82999999999,20163,0,288539.98999999999,470325.82000000001,0
TRANSFER,1131750.3799999999,1131750.3799999999,0,0,0,1
TRANSFER,336412.10999999999,0,0,1296916.71,1633328.8200000001,0
PAYMENT,11952.610000000001,6619,0,0,0,0
PAYMENT,16713.009999999998,53992,37278.989999999998,0,0,0
PAYMENT,16258.700000000001,11121,0,0,0,0
CASH_OUT,112865.12,0,0,6145848.3899999997,6258713.5099999998,0
CASH_OUT,261532.09,492825,231292.91,236061.95000000001,497594.04999999999,0
PAYMENT,5760.25,10863,5102.75,0,0,0
PAYMENT,22106.91,31730,9623.0900000000001,0,0,0
TRANSFER,824841.08999999997,824841.08999999997,0,0,0,1
CASH_OUT,391526.33000000002,28345,0,0,391526.33000000002,0
CASH_IN,75705.679999999993,12505494.199999999,12581199.869999999,3088370.7599999998,3012665.0800000001,0
PAYMENT,29544.919999999998,0,0,0,0,0
PAYMENT,5041.3199999999997,324,0,0,0,0
TRANSFER,4505012.5599999996,4505012.5599999996,0,0,0,1
CASH_IN,115129.47,2123,117252.47,0,0,0
CASH_OUT,430293.26000000001,20529,0,0,430293.26000000001,0
PAYMENT,35106.139999999999,202285,167178.85999999999,0,0,0
CASH_IN,364807.12,3000,367807.12,836081.01000000001,471273.89000000001,0
TRANSFER,1001599.45,100250,0,167077.89000000001,1168677.3500000001,0
CASH_OUT,2985840.3999999999,2985840.3999999999,0,386985.84999999998,3372826.25,1
PAYMENT,5005.1800000000003,0,0,0,0,0
CASH_IN,69958.779999999999,138677.60999999999,208636.39000000001,152184.31,82225.529999999999,0
CASH_IN,18549.32,1060454.7,1079004.02,191385.97,172836.64999999999,0
TRANSFER,816452.18999999994,816452.18999999994,0,0,0,1
PAYMENT,5089.6099999999997,0,0,0,0,0
CASH_OUT,10000000,10000000,0,0,10000000,1
CASH_OUT,1050635.77,1050635.77,0,150217.89999999999,1200853.6699999999,1
CASH_OUT,147119.29999999999,0,0,779078.08999999997,926197.39000000001,0
CASH_OUT,128652.71000000001,0,0,489438.09000000003,618090.80000000005,0
PAYMENT,10874.15,32045,21170.849999999999,0,0,0
PAYMENT,6490.0699999999997,0,0,0,0,0
TRANSFER,3683218.4300000002,359083,0,463973.27000000002,4147191.7000000002,0
PAYMENT,18000.169999999998,15386.299999999999,0,0,0,0
CASH_OUT,37705.25,0,0,900958.07999999996,938663.32999999996,0
PAYMENT,38048.709999999999,0,0,0,0,0
CASH_IN,20755.860000000001,20929,41684.860000000001,0,0,0
CASH_IN,64787.330000000002,8733,73520.330000000002,0,0,0
PAYMENT,7333.6899999999996,215993,208659.31,0,0,0
CASH_OUT,327519.04999999999,9870,0,0,327519.04999999999,0
TRANSFER,2719.6599999999999,2719.6599999999999,0,0,0,1
CASH_OUT,376161.89000000001,11116,0,667867.68000000005,1044029.5699999999,0
CASH_IN,203200.69,2565053.0299999998,2768253.7200000002,210506.60999999999,7305.9099999999999,0
CASH_OUT,346103.09000000003,346103.09000000003,0,577831.92000000004,923935.01000000001,1
CASH_OUT,566183.34999999998,31338,0,1483879.2,2050062.55,0
CASH_OUT,450060.37,450060.37,0,100205.45,550265.81999999995,1
PAYMENT,6411.2600000000002,0,0,0,0,0
CASH_IN,212200.98999999999,6694836.3200000003,6907037.3200000003,339204.78999999998,127003.78999999999,0
CASH_OUT,70239.809999999998,70239.809999999998,0,255444.42000000001,325684.22999999998,1
CASH_OUT,6514.4700000000003,6514.4700000000003,0,893602.62,900117.08999999997,1
TRANSFER,613675.81000000006,0,0,9778730.5199999996,10392406.33,0
PAYMENT,4667.6199999999999,428717.71000000002,424050.09999999998,0,0,0
PAYMENT,40547.480000000003,91544,50996.519999999997,0,0,0
PAYMENT,16667.610000000001,29801,13133.389999999999,0,0,0
TRANSFER,168303.35999999999,168303.35999999999,0,0,0,1
CASH_OUT,56409.300000000003,0,0,1476152.28,1532561.5800000001,0
CASH_IN,62116.019999999997,1428709.5,1490825.52,722225.40000000002,660109.38,0
PAYMENT,6492.8999999999996,234069.92000000001,227577.01999999999,0,0,0
TRANSFER,61846.050000000003,61846.050000000003,0,0,0,1
CASH_OUT,17510.810000000001,9571,0,2844.46,20355.259999999998,0
CASH_OUT,479926.97999999998,479926.97999999998,0,71009.240000000005,550936.22999999998,1
TRANSFER,455275.22999999998,0,0,4467022.46,4922297.6900000004,0
PAYMENT,11132.33,50295,39162.669999999998,0,0,0
CASH_IN,504767.26000000001,12428955.720000001,12933722.98,1177990.29,673223.03000000003,0
CASH_OUT,31315.509999999998,31315.509999999998,0,3639775.0600000001,3671090.5800000001,1
CASH_OUT,79606.389999999999,0,0,558558.98999999999,638165.38,0
CASH_OUT,244101.88,120492,0,2877085.3500000001,3121187.2200000002,0
CASH_OUT,6468916.6399999997,6468916.6399999997,0,35684.900000000001,6504601.5499999998,1
CASH_IN,235710.69,2619683.5099999998,2855394.2000000002,1124615.95,888905.27000000002,0
CASH_OUT,320054.96999999997,0,0,855066.96999999997,1175121.9399999999,0
CASH_OUT,156613.29999999999,80,0,7045632.6799999997,7202245.9800000004,0
PAYMENT,27618.84,9097,0,0,0,0
CASH_OUT,305024.71999999997,10469,0,0,305024.71999999997,0
TRANSFER,1650.0799999999999,1650.0799999999999,0,0,0,1
CASH_IN,5276.3599999999997,300581.46000000002,305857.82000000001,964929.64000000001,959653.28000000003,0
CASH_OUT,28126.060000000001,0,0,147046.79999999999,149088.23000000001,0
CASH_OUT,233704.12,0,0,381063.17999999999,614767.30000000005,0
PAYMENT,633.01999999999998,8042,7408.9799999999996,0,0,0
PAYMENT,6604.4200000000001,0,0,0,0,0
PAYMENT,2304.1399999999999,0,0,0,0,0
CASH_OUT,321111.29999999999,998,0,20035.759999999998,341147.06,0
PAYMENT,7878.8900000000003,0,0,0,0,0
CASH_IN,111238.81,15026,126264.81,0,0,0
PAYMENT,843.71000000000004,474111,473267.28999999998,0,0,0
PAYMENT,17195.709999999999,0,0,0,0,0
CASH_IN,651800.5,46038,697838.5,200841.98999999999,0,0
PAYMENT,14038.42,311990.01000000001,297951.59000000003,0,0,0
CASH_OUT,4640633.3700000001,4640633.3700000001,0,0,4640633.3700000001,1
CASH_IN,221500.26999999999,17010245.129999999,17231745.399999999,247854.5,26354.220000000001,0
CASH_OUT,136903.89999999999,136903.89999999999,0,381491.83000000002,518395.73999999999,1
CASH_OUT,111554.08,664,0,30923,0,0
CASH_OUT,352669.72999999998,115386,0,1176123,1528792.73,0
PAYMENT,8406.6299999999992,818964,810557.37,0,0,0
CASH_OUT,1619313.55,1619313.55,0,0,1619313.55,1
TRANSFER,123146.28,123146.28,0,0,0,1
TRANSFER,88552.869999999995,0,0,947099.51000000001,1035652.38,0
CASH_IN,270297.02000000002,26990015.16,27260312.18,516623.58000000002,246326.56,0
CASH_OUT,31085.720000000001,0,0,2276108.4100000001,2307194.1299999999,0
CASH_OUT,183179.51000000001,42,0,5756392.3200000003,5939571.8300000001,0
CASH_OUT,80926.050000000003,0,0,252875.14000000001,333801.19,0
CASH_IN,90481.479999999996,22247,112728.48,0,0,0
CASH_OUT,329424.14000000001,329424.14000000001,0,45841.919999999998,375266.06,1
CASH_OUT,162461.32000000001,0,0,1273529.3999999999,1435990.72,0
PAYMENT,3197.29,0,0,0,0,0
PAYMENT,10912.450000000001,6029,0,0,0,0
TRANSFER,1394518.0600000001,13426,0,0,1394518.0600000001,0
CASH_OUT,132966.87,0,0,305293.73999999999,386808.21000000002,0
PAYMENT,11108.719999999999,105623,94514.279999999999,0,0,0
TRANSFER,542393.87,542393.87,0,0,0,1
PAYMENT,10411.66,12050,1638.3399999999999,0,0,0
PAYMENT,3330.6599999999999,22054,18723.34,0,0,0
TRANSFER,247310.53,0,0,282955.96000000002,530266.48999999999,0
CASH_OUT,117911.42999999999,0,0,217253.5,335164.92999999999,0
CASH_OUT,63959.940000000002,0,0,206713.84,270673.78000000003,0
CASH_OUT,126231.23,0,0,130672.71000000001,256903.94,0
CASH_OUT,12852.549999999999,0,0,352448.98999999999,365301.53000000003,0
PAYMENT,3809.4400000000001,58246.449999999997,54437.010000000002,0,0,0
CASH_IN,94851.100000000006,25396,120247.10000000001,705750.30000000005,610899.18999999994,0
PAYMENT,803.44000000000005,0,0,0,0,0
PAYMENT,19638.939999999999,21213,1574.0599999999999,0,0,0
TRANSFER,504271.48999999999,0,0,936332.44999999995,1440603.9399999999,0
PAYMENT,32987.989999999998,306251,273263.01000000001,0,0,0
TRANSFER,9962.0499999999993,0,0,587961.83999999997,597923.89000000001,0
CASH_IN,120686.50999999999,6424379.1299999999,6545065.6399999997,2417640.4500000002,2296953.9399999999,0
CASH_IN,376956.19,2604241.1899999999,2981197.3799999999,736409.69999999995,359453.51000000001,0
TRANSFER,639991.03000000003,639991.03000000003,0,0,0,1
TRANSFER,966389.93000000005,966389.93000000005,0,0,0,1
PAYMENT,2916.9499999999998,6314.0600000000004,3397.1100000000001,0,0,0
PAYMENT,19702.560000000001,23587.09,3884.5300000000002,0,0,0
CASH_OUT,155093.07999999999,2829.1500000000001,0,438783.84999999998,593876.93000000005,0
PAYMENT,8629.8899999999994,99250,90620.110000000001,0,0,0
CASH_IN,40340.040000000001,1415787.1599999999,1456127.2,1243948.1399999999,1203608.1000000001,0
TRANSFER,368951.94,368951.94,0,0,0,1
CASH_OUT,151927.42000000001,0,0,424828.27000000002,576755.68999999994,0
CASH_OUT,74371.169999999998,19352,0,3985864.7200000002,4060235.8799999999,0
PAYMENT,9017.3500000000004,0,0,0,0,0
CASH_IN,123685.67,365,124050.67,73080.610000000001,0,0
CASH_OUT,16356.09,176088.44,159732.35000000001,142888.12,159244.20000000001,0
CASH_OUT,169193.89000000001,0,0,0,169193.89000000001,0
PAYMENT,14065.26,620709,606643.73999999999,0,0,0
CASH_IN,101118.92999999999,2333689.3199999998,2434808.25,8444349.1400000006,8343230.21,0
TRANSFER,533092.44999999995,533092.44999999995,0,0,0,1
PAYMENT,24355.830000000002,0,0,0,0,0
CASH_OUT,122957.50999999999,0,0,1321494.03,1444451.54,0
CASH_OUT,45116.239999999998,45116.239999999998,0,0,45116.239999999998,1
CASH_OUT,138644.20000000001,0,0,1165734.8899999999,1304379.0900000001,0
CASH_IN,244021.72,18811867.960000001,19055889.690000001,552171.26000000001,308149.53000000003,0
CASH_OUT,23853.810000000001,0,0,680643.26000000001,704497.06999999995,0
CASH_OUT,37860.400000000001,0,0,9833029.4299999997,9870889.8399999999,0
PAYMENT,13755.75,150020.39000000001,136264.63,0,0,0
PAYMENT,57927.93,10873,0,0,0,0
PAYMENT,9504.8999999999996,539906,530401.09999999998,0,0,0
CASH_IN,175278.41,7445261.6699999999,7620540.0700000003,26424862.710000001,26249584.300000001,0
PAYMENT,11496.690000000001,0,0,0,0,0
TRANSFER,1782546.26,78152,0,1608104.1399999999,3390650.3999999999,0
CASH_OUT,264341.03000000003,0,0,38450712.75,38715053.780000001,0
CASH_IN,145023.51000000001,9019382.4600000009,9164405.9800000004,221100.41,76076.889999999999,0
PAYMENT,2858.21,0,0,0,0,0
CASH_IN,152714.88,7176518.8700000001,7329233.75,278200.53999999998,125485.64999999999,0
PAYMENT,8266.1200000000008,11264,2997.8800000000001,0,0,0
CASH_IN,175657.84,864844.62,1040502.46,572904.22999999998,397246.38,0
CASH_OUT,325122.06,10586,0,48.060000000000002,325170.12,0
CASH_IN,155544.67000000001,3652453.98,3807998.6499999999,3640841.1499999999,3485296.48,0
CASH_IN,363055.17999999999,25924,388979.17999999999,1328518.6399999999,965463.44999999995,0
CASH_OUT,312695.76000000001,25067,0,822550.62,1135246.3799999999,0
CASH_IN,30153.700000000001,8942085.0899999999,8972238.7899999991,250814.57000000001,220660.87,0
PAYMENT,6383.1499999999996,0,0,0,0,0
CASH_OUT,93022.320000000007,0,0,347725.19,440747.51000000001,0
CASH_OUT,87069.669999999998,47100,0,2115730.3599999999,2202800.0299999998,0
CASH_OUT,132109.23999999999,0,0,2991640.7000000002,3123749.9399999999,0
CASH_OUT,5809.3999999999996,0,0,1104504.6299999999,933018.80000000005,0
PAYMENT,3674.5300000000002,0,0,0,0,0
CASH_OUT,357315,0,0,1146061.77,1503376.76,0
CASH_OUT,77535.720000000001,38873,0,0,77535.720000000001,0
TRANSFER,3544.7600000000002,3544.7600000000002,0,0,0,1
PAYMENT,28681.450000000001,0,0,0,0,0
PAYMENT,27479.439999999999,0,0,0,0,0
CASH_OUT,2519.6500000000001,51948,49428.349999999999,2805,0,0
CASH_IN,42224.650000000001,5020568.7000000002,5062793.3499999996,966183.62,923958.96999999997,0
CASH_OUT,83341.539999999994,0,0,194754.35000000001,278095.88,0
CASH_OUT,74018.460000000006,0,0,621949.01000000001,695967.47999999998,0
CASH_IN,127332.02,1678663.6000000001,1805995.6200000001,568319.06999999995,440987.04999999999,0
CASH_OUT,237395.64999999999,100757,0,94568,331963.65000000002,0
TRANSFER,92735.710000000006,92735.710000000006,0,0,0,1
CASH_OUT,376379.85999999999,0,0,951637.62,1328017.49,0
CASH_OUT,321307.31,321307.31,0,716857.19999999995,1038164.5,1
PAYMENT,6047.9700000000003,260527,254479.03,0,0,0
PAYMENT,10870.48,258,0,0,0,0
CASH_OUT,59841.440000000002,59841.440000000002,0,0,59841.440000000002,1
CASH_IN,209029.84,5283707.7999999998,5492737.6399999997,1259737.0800000001,1050707.24,0
PAYMENT,4780.3299999999999,0,0,0,0,0
CASH_OUT,101580.36,53706.660000000003,0,3313285.25,3414865.6099999999,0
PAYMENT,6364.5200000000004,117884,111519.48,0,0,0
PAYMENT,14016.799999999999,0,0,0,0,0
PAYMENT,12549.969999999999,0,0,0,0,0
CASH_OUT,288738.48999999999,47281,0,353603.69,642342.18000000005,0
CASH_IN,33899.980000000003,49306,83205.979999999996,1590064.6399999999,1556164.6599999999,0
PAYMENT,27218.009999999998,62969,35750.989999999998,0,0,0
CASH_OUT,515774.60999999999,0,0,4297174.8099999996,4812949.4299999997,0
PAYMENT,40735.790000000001,0,0,0,0,0
CASH_OUT,108833.44,720369,611535.56000000006,1262853.3200000001,1371686.76,0
CASH_IN,221206.26000000001,924896.08999999997,1146102.3500000001,276313.58000000002,55107.330000000002,0
PAYMENT,11611.209999999999,79881.580000000002,68270.369999999995,0,0,0
CASH_IN,113917,10812,124729,51181.980000000003,0,0
PAYMENT,7034.21,136799,129764.78999999999,0,0,0
TRANSFER,150406.91,150406.91,0,0,0,1
CASH_OUT,28891.52,685,0,77118.089999999997,106009.61,0
PAYMENT,7244.3599999999997,51074.980000000003,43830.610000000001,0,0,0
PAYMENT,4785.3199999999997,4914,128.68000000000001,0,0,0
PAYMENT,786.5,0,0,0,0,0
CASH_OUT,150285.85000000001,40565,0,760855.43000000005,911141.28000000003,0
CASH_OUT,134300.5,0,0,745015.57999999996,879316.07999999996,0
PAYMENT,5671.6099999999997,19932,14260.389999999999,0,0,0
PAYMENT,10963,0,0,0,0,0
CASH_OUT,227668.22,227668.22,0,53722.040000000001,281390.26000000001,1
CASH_OUT,200419.12,200419.12,0,4027748.6000000001,4228167.7300000004,1
CASH_OUT,90033.210000000006,50379,0,0,90033.210000000006,0
CASH_IN,82447.029999999999,5970478.7300000004,6052925.7599999998,254920.07999999999,172473.04999999999,0
TRANSFER,69334.419999999998,210081.31,140746.89000000001,213985.97,283320.39000000001,0
PAYMENT,19726.200000000001,259148.26000000001,239422.06,0,0,0
CASH_IN,60455.32,1386602.21,1447057.53,343616.46999999997,283161.15000000002,0
CASH_OUT,7922.9799999999996,7922.9799999999996,0,0,7922.9799999999996,1
PAYMENT,295.12,5557,5261.8800000000001,0,0,0
PAYMENT,6095.6800000000003,0,0,0,0,0
TRANSFER,6273660.4500000002,6273660.4500000002,0,0,0,1
CASH_OUT,78165.889999999999,0,0,411584.83000000002,489750.71999999997,0
PAYMENT,18674.330000000002,91926,73251.669999999998,0,0,0
CASH_OUT,256254.98000000001,21432,0,4920231.3799999999,5176486.3600000003,0
CASH_IN,180970.12,49894,230864.12,123262.42,0,0
CASH_OUT,48153.300000000003,483,0,0,48153.300000000003,0
CASH_OUT,12723.25,0,0,2212298.73,2225021.98,0
CASH_IN,28405.77,439668,468073.77000000002,859915.07999999996,831509.30000000005,0
PAYMENT,12243.290000000001,0,0,0,0,0
TRANSFER,65938.75,7744,0,6721748.2400000002,6787686.9900000002,0
CASH_OUT,275510.65000000002,52349,0,991803.05000000005,1267313.7,0
TRANSFER,145458.94,145458.94,0,0,0,1
CASH_IN,8921.7399999999998,9014470.1799999997,9023391.9199999999,30092.220000000001,21170.48,0
TRANSFER,135809.26000000001,160790,24980.740000000002,821312.51000000001,957121.77000000002,0
CASH_OUT,26733.779999999999,0,0,170579.26000000001,197313.03,0
PAYMENT,8573.4400000000005,0,0,0,0,0
TRANSFER,54961.5,0,0,320201.09000000003,375162.59999999998,0
CASH_IN,111243.50999999999,17960,129203.50999999999,376431.82000000001,265188.31,0
CASH_OUT,104171.37,104171.37,0,64407.18,168578.56,1
PAYMENT,4258.4700000000003,0,0,0,0,0
CASH_OUT,139727.92999999999,296738.41999999998,157010.48999999999,199747.67999999999,339475.60999999999,0
CASH_OUT,153019.85999999999,2896,0,327767.45000000001,480787.31,0
TRANSFER,2139600.79,15795,0,0,2139600.79,0
TRANSFER,1764389.1100000001,1764389.1100000001,0,0,0,1
CASH_IN,54419.120000000003,6549652.71,6604071.8200000003,315356.82000000001,260937.70000000001,0
CASH_IN,284710.66999999998,11519,296229.66999999998,1975381.9399999999,1690671.26,0
CASH_OUT,43308.07,43308.07,0,289285.72999999998,332593.79999999999,1
CASH_OUT,477812.26000000001,1288,0,2711141,3188953.2599999998,0
CASH_IN,202918.54000000001,20228,223146.54000000001,749069.93999999994,546151.40000000002,0
TRANSFER,155028.82999999999,155028.82999999999,0,0,0,1
PAYMENT,26296.290000000001,0,0,0,0,0
CASH_IN,80262.300000000003,20862,101124.3,910674.97999999998,830412.68999999994,0
CASH_OUT,67891.449999999997,0,0,170551.04000000001,238442.48999999999,0
CASH_IN,29302.77,3052838.25,3082141.02,118301.42999999999,88998.660000000003,0
CASH_OUT,124423.7,91800.990000000005,0,419130.08000000002,543553.77000000002,0
CASH_OUT,58434.489999999998,924,0,665907.35999999999,724341.84999999998,0
CASH_IN,8271.4300000000003,23222,31493.43,0,0,0
CASH_OUT,384330.07000000001,159,0,360791.47999999998,745121.54000000004,0
PAYMENT,15236.360000000001,20322.630000000001,5086.2700000000004,0,0,0
CASH_OUT,263001.04999999999,6045,0,154364.97,417366.03000000003,0
TRANSFER,1396558.3400000001,0,0,3657454.0800000001,5054012.4299999997,0
PAYMENT,7487,0,0,0,0,0
CASH_IN,230030.41,482,230512.41,124105.24000000001,0,0
CASH_IN,274875.84000000003,29101813.640000001,29376689.469999999,10265864.539999999,9990988.6999999993,0
PAYMENT,5666.6300000000001,209628,203961.37,0,0,0
TRANSFER,1713688.3799999999,0,0,2437649.2000000002,4151337.5800000001,0
PAYMENT,4737.6199999999999,9026,4288.3800000000001,0,0,0
CASH_IN,416354.78000000003,7706169.7599999998,8122524.5499999998,10530379.26,10114024.470000001,0
CASH_OUT,243831.12,183341,0,16781.200000000001,260612.32999999999,0
PAYMENT,41510.629999999997,50276,8765.3700000000008,0,0,0
CASH_OUT,4716.0799999999999,4716.0799999999999,0,551191.68000000005,555907.76000000001,1
CASH_OUT,422664.64000000001,0,0,574319.73999999999,996984.38,0
CASH_IN,136072.97,4760723.2800000003,4896796.25,191700.98000000001,55628,0
CASH_OUT,42454.910000000003,0,0,41383194.969999999,41425649.880000003,0
CASH_OUT,1540624.7,1540624.7,0,78012.350000000006,1618637.05,1
CASH_OUT,35433.269999999997,0,0,187378.70999999999,222811.98000000001,0
TRANSFER,658774.71999999997,0,0,774797.14000000001,1433571.8600000001,0
PAYMENT,4968.4899999999998,106920,101951.50999999999,0,0,0
PAYMENT,5975.8599999999997,0,0,0,0,0
PAYMENT,15640.34,0,0,0,0,0
PAYMENT,16735.959999999999,51549,34813.040000000001,0,0,0
CASH_OUT,370623.53999999998,0,0,1872200.53,2242824.0699999998,0
CASH_IN,364140.84000000003,10700,374840.84000000003,0,0,0
TRANSFER,92641.520000000004,92641.520000000004,0,0,0,1
CASH_IN,26688.959999999999,661245.05000000005,687934.01000000001,2719968.2200000002,2693279.2599999998,0
CASH_OUT,384904.17999999999,43154,0,0,384904.17999999999,0
PAYMENT,7016.8400000000001,0,0,0,0,0
TRANSFER,116481.94,0,0,1085414.3899999999,1201896.3300000001,0
TRANSFER,1205760.8600000001,1205760.8600000001,0,0,0,1
CASH_OUT,251824,548,0,0,251824,0
CASH_OUT,209203.32000000001,59657,0,59435.559999999998,268638.88,0
CASH_IN,58745.860000000001,8487049.8499999996,8545795.7100000009,262182.13,203436.26999999999,0
PAYMENT,14862.85,52654.800000000003,37791.949999999997,0,0,0
PAYMENT,16141.76,60017,43875.239999999998,0,0,0
CASH_OUT,325276.06,0,0,2619953.2799999998,2945229.3399999999,0
TRANSFER,2360965.7400000002,2360965.7400000002,0,0,0,1
PAYMENT,42028.309999999998,39911,0,0,0,0
PAYMENT,2263.25,47412,45148.75,0,0,0
PAYMENT,1596.9200000000001,0,0,0,0,0
CASH_IN,29729.889999999999,244905.82999999999,274635.71999999997,2268203.6200000001,2238473.73,0
PAYMENT,20595.02,106588,85992.979999999996,0,0,0
PAYMENT,5932.5,1566,0,0,0,0
PAYMENT,15008.190000000001,0,0,0,0,0
PAYMENT,9683.1599999999999,53347.830000000002,43664.660000000003,0,0,0
CASH_OUT,25472.32,25472.32,0,0,25472.32,1
CASH_IN,92040.050000000003,7210562.5,7302602.5599999996,9184438.2699999996,9092398.2200000007,0
PAYMENT,14717.02,30393,15675.98,0,0,0
CASH_OUT,37831.150000000001,37831.150000000001,0,918489.62,956320.77000000002,1
TRANSFER,51183.25,51183.25,0,0,0,1
CASH_OUT,27696.889999999999,27696.889999999999,0,352139.13,379836.02000000002,1
CASH_OUT,27819.950000000001,0,0,68471.160000000003,96291.110000000001,0
PAYMENT,2060.8699999999999,0,0,0,0,0
CASH_IN,78813.949999999997,17941703.23,18020517.18,230799.20000000001,151985.25,0
CASH_OUT,182279.73000000001,198187,15907.27,0,182279.73000000001,0
CASH_OUT,96007.369999999995,0,0,1744026.9199999999,1840034.29,0
PAYMENT,12924.68,29444,16519.32,0,0,0
TRANSFER,6010455.6100000003,30339,0,178017.67999999999,6188473.29,0
TRANSFER,314516.51000000001,0,0,45587132.740000002,45901649.240000002,0
CASH_IN,82493.020000000004,1446118.48,1528611.5,31342112.84,31259619.82,0
CASH_OUT,22113.009999999998,217177,195063.98999999999,274991.84999999998,297104.87,0
CASH_IN,77994.289999999994,16019,94013.289999999994,201807.54000000001,123813.25,0
CASH_OUT,14305.690000000001,11068,0,11281078.99,11295384.67,0
CASH_OUT,10000000,10000000,0,185609.51000000001,10185609.51,1
PAYMENT,8915.8899999999994,31633.880000000001,22717.990000000002,0,0,0
CASH_IN,4390.3299999999999,4489071,4493461.3399999999,25630.029999999999,21239.700000000001,0
PAYMENT,33531.879999999997,0,0,0,0,0
PAYMENT,23228.52,0,0,0,0,0
CASH_OUT,53737.489999999998,86145,32407.509999999998,1608658.53,1662396.02,0
CASH_IN,189538.25,1854,191392.25,295415.04999999999,105876.81,0
CASH_IN,34754.57,50717,85471.570000000007,0,0,0
CASH_OUT,4690769.9800000004,4690769.9800000004,0,0,4690769.9800000004,1
TRANSFER,391855.44,391855.44,0,0,0,1
CASH_OUT,74976.210000000006,195780,120803.78999999999,2042198.1000000001,2117174.3100000001,0
DEBIT,5484.7299999999996,104434,98949.270000000004,261532.87,267017.59999999998,0
CASH_OUT,225718.04000000001,0,0,5351499.1600000001,5577217.2000000002,0
CASH_OUT,32382.310000000001,32382.310000000001,0,0,32382.310000000001,1
PAYMENT,19621.5,0,0,0,0,0
TRANSFER,1548376.4399999999,1548376.4399999999,0,0,0,1
PAYMENT,16801.459999999999,24026,7224.54,0,0,0
PAYMENT,17253.32,0,0,0,0,0
TRANSFER,224230.16,224230.16,0,0,0,1
CASH_OUT,117468.33,59637,0,8830.0900000000001,126298.42,0
CASH_IN,52804.160000000003,1987051.97,2039856.1299999999,94911.610000000001,42107.449999999997,0
CASH_OUT,133124.87,0,0,354371,487495.87,0
PAYMENT,21986.880000000001,0,0,0,0,0
CASH_OUT,152698.79999999999,39721,0,403073.60999999999,555772.40000000002,0
TRANSFER,78356.610000000001,20026,0,1587472.3,1665828.9199999999,0
CASH_OUT,244719.37,20693,0,27323.700000000001,272043.07000000001,0
CASH_OUT,128544.53999999999,17302,0,135308.16,263852.70000000001,0
PAYMENT,10209.530000000001,108675,98465.470000000001,0,0,0
CASH_OUT,7240965.96,7240965.96,0,0,7240965.96,1
CASH_IN,115784.50999999999,4704484.9400000004,4820269.4500000002,1336257.3,1220472.79,0
DEBIT,1143.5599999999999,2408,1264.4400000000001,83419.910000000003,84563.479999999996,0
CASH_OUT,44540.110000000001,839,0,0,44540.110000000001,0
CASH_OUT,10000000,10000000,0,358443.32000000001,10358443.32,1
CASH_OUT,72609.990000000005,0,0,1449525.1599999999,1522135.1399999999,0
CASH_OUT,135692.82999999999,0,0,14626808.949999999,14762501.779999999,0
TRANSFER,1004318.96,0,0,2181093.23,3185412.1899999999,0
CASH_OUT,174324.94,174324.94,0,226694.63,401019.57000000001,1
CASH_IN,248113.51999999999,312974.79999999999,561088.32999999996,772621.69999999995,524508.18000000005,0
CASH_OUT,215654.84,0,0,1665258.0600000001,1880912.9099999999,0
DEBIT,1211.6400000000001,5481,4269.3599999999997,1676385.74,1677597.3799999999,0
CASH_IN,8217.2399999999998,12006,20223.240000000002,0,0,0
CASH_OUT,198026.60999999999,2977,0,85853.270000000004,283879.88,0
CASH_IN,36712.449999999997,124,36836.449999999997,567715.83999999997,531003.39000000001,0
CASH_IN,125701.59,2758046.6499999999,2883748.2400000002,284973.40000000002,159271.82000000001,0
TRANSFER,444898.96999999997,444898.96999999997,0,0,0,1
PAYMENT,6235.3299999999999,16119,9883.6700000000001,0,0,0
CASH_IN,10735.870000000001,1027421.29,1038157.16,743359.40000000002,732623.53000000003,0
CASH_IN,377488.33000000002,5592490.8600000003,5969979.1900000004,1575606.6000000001,1198118.28,0
TRANSFER,49477.400000000001,48686,0,3006.9000000000001,52484.300000000003,0
TRANSFER,614129.08999999997,0,0,7567578.4199999999,8181707.5099999998,0
PAYMENT,5127.3699999999999,0,0,0,0,0
PAYMENT,22802.700000000001,32049,9246.2999999999993,0,0,0
CASH_OUT,160472.35999999999,0,0,642479.45999999996,802951.81999999995,0
CASH_OUT,87004.710000000006,472654,385649.28999999998,2915949.0099999998,3002953.7200000002,0
CASH_OUT,209752.47,20465,0,39951482.219999999,40161234.689999998,0
CASH_OUT,1571565.5600000001,1571565.5600000001,0,0,1571565.5600000001,1
CASH_IN,103386.25999999999,20878,124264.25999999999,32359.689999999999,0,0
TRANSFER,340119.97999999998,340119.97999999998,0,0,0,1
PAYMENT,10276.5,2031,0,0,0,0
CASH_IN,76710.059999999998,164914.76999999999,241624.82999999999,5200481.8600000003,5123771.7999999998,0
CASH_OUT,65161.559999999998,0,0,1078434.5800000001,1143596.1299999999,0
PAYMENT,5255.7700000000004,370068,364812.22999999998,0,0,0
CASH_OUT,129574.64,10003,0,675881.26000000001,805455.90000000002,0
CASH_OUT,93291.910000000003,165570,72278.089999999997,38987.82,132279.73000000001,0
CASH_OUT,949979.10999999999,949979.10999999999,0,0,949979.10999999999,1
TRANSFER,306675.37,306675.37,0,0,0,1
CASH_IN,13612.75,456314,469926.75,0,0,0
CASH_IN,443579.65000000002,9861,453440.65000000002,0,0,0
TRANSFER,357143.35999999999,28294,0,0,357143.35999999999,0
CASH_OUT,255618.09,13666,0,559495.07999999996,815113.17000000004,0
CASH_IN,106609.46000000001,2771215.3900000001,2877824.8599999999,736463.14000000001,629853.68000000005,0
CASH_OUT,598426.68000000005,598426.68000000005,0,46967.110000000001,645393.80000000005,1
CASH_OUT,3339489.46,3339489.46,0,369291.01000000001,3708780.4700000002,1
CASH_IN,381011.21000000002,7155,388166.21000000002,0,0,0
CASH_IN,39397.110000000001,22663283.039999999,22702680.149999999,2998939.1899999999,2959542.0699999998,0
CASH_OUT,267249.97999999998,30616,0,2781367.1699999999,3048617.1400000001,0
PAYMENT,5264.0699999999997,11645,6380.9300000000003,0,0,0
PAYMENT,8998.2800000000007,0,0,0,0,0
CASH_OUT,370787.02000000002,119820,0,29028.330000000002,399815.34999999998,0
TRANSFER,1351104.53,1351104.53,0,0,0,1
CASH_IN,25510.240000000002,3651241.9500000002,3676752.1800000002,225502.29999999999,199992.06,0
PAYMENT,17739.439999999999,63366,45626.559999999998,0,0,0
CASH_OUT,430605.08000000002,78074.070000000007,0,5554161.1399999997,5984766.2199999997,0
TRANSFER,314523.65999999997,0,0,378868.47999999998,693392.14000000001,0
CASH_IN,252327.13,9589288.0199999996,9841615.1500000004,2001402.1399999999,1749075.01,0
TRANSFER,680224.41000000003,680224.41000000003,0,0,0,1
CASH_OUT,266413.53000000003,0,0,535649.30000000005,802062.82999999996,0
CASH_OUT,136183.48000000001,0,0,1576244.75,1712428.23,0
PAYMENT,1799.3900000000001,39839.57,38040.18,0,0,0
PAYMENT,2819.6999999999998,248479.76999999999,245660.07000000001,0,0,0
PAYMENT,592.53999999999996,0,0,0,0,0
CASH_OUT,222790.45000000001,0,0,2344545.96,2567336.4100000001,0
TRANSFER,2581549.9199999999,2581549.9199999999,0,0,0,1
CASH_OUT,481956,39938,0,349385.65000000002,831341.64000000001,0
TRANSFER,10000000,10585396.140000001,585396.14000000001,0,0,1
CASH_OUT,402365.15999999997,0,0,764324,1166689.1599999999,0
CASH_IN,234520.76000000001,101855,336375.76000000001,1090711.3600000001,856190.59999999998,0
PAYMENT,25389.48,150525.42999999999,125135.95,0,0,0
PAYMENT,9817.1299999999992,0,0,0,0,0
CASH_OUT,165062.63,6206.8900000000003,0,179717.67000000001,344780.31,0
PAYMENT,23435.07,0,0,0,0,0
CASH_OUT,1555182.4099999999,1555182.4099999999,0,76405.759999999995,1631588.1699999999,1
CASH_OUT,292513.53999999998,0,0,538642.31999999995,831155.85999999999,0
CASH_OUT,162633.57999999999,494,0,783716.53000000003,946350.12,0
TRANSFER,3354215.5499999998,3354215.5499999998,0,0,0,1
PAYMENT,6779.0100000000002,0,0,0,0,0
CASH_IN,40716.980000000003,2524268.4500000002,2564985.4300000002,4446580.2699999996,4405863.2800000003,0
TRANSFER,2880354.3599999999,282992.44,0,63822118.869999997,66702473.229999997,0
PAYMENT,10722.24,0,0,0,0,0
PAYMENT,11403.91,0,0,0,0,0
CASH_OUT,42541.970000000001,0,0,167242.19,209784.16,0
PAYMENT,4667.1700000000001,53868.68,49201.510000000002,0,0,0
CASH_OUT,492669.10999999999,0,0,652788.06000000006,1145457.1799999999,0
PAYMENT,13380.809999999999,0,0,0,0,0
PAYMENT,6778.9799999999996,11073,4294.0200000000004,0,0,0
CASH_OUT,342309.90999999997,342309.90999999997,0,0,342309.90999999997,1
CASH_OUT,479244.39000000001,30415,0,9572718.1500000004,10051962.539999999,0
DEBIT,1901.9000000000001,408752,406850.09999999998,303929.46999999997,305831.37,0
CASH_IN,76042.470000000001,1940939.01,2016981.48,134561.09,58518.620000000003,0
CASH_OUT,39134.370000000003,0,0,88882.399999999994,128016.77,0
PAYMENT,16993.810000000001,0,0,0,0,0
CASH_IN,245781.22,18703731.199999999,18949512.420000002,10238478.710000001,9992697.4900000002,0
DEBIT,3205.5100000000002,133,0,147173.97,150379.48000000001,0
CASH_OUT,193941.25,13419,0,3431753.8500000001,3625695.1000000001,0
TRANSFER,477619.15000000002,29341,0,449756.19,927375.34999999998,0
PAYMENT,18208.709999999999,0,0,0,0,0
CASH_OUT,764646.40000000002,764646.40000000002,0,0,764646.40000000002,1
CASH_OUT,92658.740000000005,0,0,529705.28000000003,622364.02000000002,0
TRANSFER,98086.089999999997,98086.089999999997,0,0,0,1
CASH_OUT,168015.32999999999,0,0,712290.46999999997,880305.80000000005,0
TRANSFER,58737.529999999999,58737.529999999999,0,0,0,1
PAYMENT,7437.3199999999997,25588,18150.68,0,0,0
TRANSFER,701697.48999999999,701697.48999999999,0,0,0,1
CASH_OUT,38713.470000000001,30545,0,203333.22,242046.69,0
PAYMENT,24258.669999999998,0,0,0,0,0
PAYMENT,4816.21,443146.81,438330.59999999998,0,0,0
CASH_OUT,140891.04000000001,49807,0,663318.59999999998,804209.63,0
TRANSFER,1189986.8799999999,1189986.8799999999,0,0,0,1
TRANSFER,7677120.5899999999,7677120.5899999999,0,0,0,1
TRANSFER,2037642.7,19330,0,0,2037642.7,0
CASH_OUT,79581.240000000005,79581.240000000005,0,143993.57999999999,223574.82000000001,1
PAYMENT,8146.7799999999997,279991.91999999998,271845.14000000001,0,0,0
CASH_IN,39325.550000000003,876750.93000000005,916076.47999999998,4636197.7199999997,4596872.1699999999,0
TRANSFER,560693.90000000002,0,0,7298331.8399999999,7859025.7400000002,0
CASH_OUT,313936.66999999998,313936.66999999998,0,1145802.52,1459739.1899999999,1
CASH_OUT,374251.58000000002,477650,103398.42,466242.14000000001,840493.71999999997,0
PAYMENT,20096.700000000001,0,0,0,0,0
TRANSFER,985127.94999999995,985127.94999999995,0,0,0,1
CASH_OUT,125530.82000000001,6821,0,287752.15000000002,413282.96999999997,0
TRANSFER,6695070.79,6695070.79,0,0,0,1
PAYMENT,6620.29,11314,4693.71,0,0,0
PAYMENT,6449.3599999999997,24019,17569.639999999999,0,0,0
CASH_IN,8479.2099999999991,5057168.3499999996,5065647.5599999996,273344.51000000001,264865.31,0
TRANSFER,7041719.54,7041719.54,0,0,0,1
PAYMENT,4327.0200000000004,458721.27000000002,454394.25,0,0,0
CASH_OUT,266340.84000000003,0,0,741029.58999999997,1007370.4300000001,0
CASH_OUT,1500582.0800000001,1500582.0800000001,0,24882357.620000001,26382939.699999999,1
CASH_OUT,1501341.8700000001,1501341.8700000001,0,0,1501341.8700000001,1
PAYMENT,22677.59,70984,48306.410000000003,0,0,0
TRANSFER,906270.63,906270.63,0,0,0,1
CASH_OUT,182265.67999999999,113308,0,1124260.8899999999,1306526.5700000001,0
CASH_OUT,232315.42999999999,232315.42999999999,0,20819035.379999999,21051350.809999999,1
CASH_OUT,61846.050000000003,61846.050000000003,0,2094201.8100000001,2156047.8599999999,1
TRANSFER,304128.72999999998,0,0,3501959.7000000002,3806088.4300000002,0
TRANSFER,259820.39000000001,259820.39000000001,0,0,0,1
CASH_OUT,232565.37,232565.37,0,0,232565.37,1
PAYMENT,5272.9899999999998,0,0,0,0,0
TRANSFER,781988.84999999998,781988.84999999998,0,0,0,1
CASH_OUT,369614.15999999997,50844,0,0,369614.15999999997,0
TRANSFER,921393.94999999995,921393.94999999995,0,0,0,1
CASH_OUT,45396.769999999997,24038,0,0,45396.769999999997,0
CASH_OUT,111467.61,111467.61,0,668384.59999999998,779852.20999999996,1
CASH_OUT,6204.71,6204.71,0,0,6204.71,1
CASH_OUT,101336.7,0,0,558818.68000000005,660155.38,0
TRANSFER,27687.93,24192,0,0,27687.93,0
PAYMENT,24261.139999999999,0,0,0,0,0
CASH_OUT,315159.66999999998,552958.21999999997,237798.54999999999,1162723.8600000001,1477883.53,0
PAYMENT,1648.6700000000001,106008.08,104359.41,0,0,0
CASH_OUT,55749.25,218444.44,162695.20000000001,28345906.739999998,28401655.98,0
CASH_OUT,117493.03999999999,0,0,133493.20999999999,250986.25,0
CASH_OUT,177376.62,15686,0,1369203.4299999999,1546580.0600000001,0
CASH_IN,299799.23999999999,50770,350569.23999999999,292962.64000000001,0,0
PAYMENT,22530.880000000001,11166,0,0,0,0
PAYMENT,15606.559999999999,0,0,0,0,0
CASH_OUT,128272.35000000001,5093,0,0,128272.35000000001,0
CASH_OUT,130569.36,0,0,210434.85999999999,341004.21999999997,0
PAYMENT,3991.73,50840,46848.269999999997,0,0,0
CASH_OUT,89840.050000000003,0,0,1150040.23,1239880.28,0
CASH_OUT,90026.899999999994,90026.899999999994,0,339171.02000000002,429197.91999999998,1
TRANSFER,382159.15999999997,0,0,1754757.9199999999,2136917.0800000001,0
CASH_OUT,362895.21000000002,22261,0,6352.5,369247.70000000001,0
TRANSFER,3171085.5899999999,3171085.5899999999,3171085.5899999999,0,0,1
PAYMENT,23278.549999999999,30968,7689.4499999999998,0,0,0
CASH_IN,35445.360000000001,19937,55382.360000000001,1370863.3100000001,1335417.95,0
CASH_OUT,1028486.59,1028486.59,0,1268932.1899999999,2297418.7799999998,1
PAYMENT,19241.790000000001,51869.730000000003,32627.93,0,0,0
CASH_OUT,198918.5,52947,0,1776342.71,1975261.21,0
CASH_OUT,53843.150000000001,80940,27096.849999999999,746024.70999999996,799867.87,0
CASH_IN,22736.759999999998,6205912.4100000001,6228649.1699999999,206717.45999999999,183980.70000000001,0
CASH_OUT,219114.26999999999,3501,0,902394.21999999997,1121508.48,0
CASH_OUT,24420.32,112181,87760.679999999993,95440.179999999993,119860.5,0
TRANSFER,279885.96000000002,0,0,12329972.92,12609858.880000001,0
CASH_OUT,403237.28999999998,11339,0,132134.29000000001,535371.57999999996,0
CASH_OUT,375668.21000000002,21486,0,17693.509999999998,393361.71999999997,0
TRANSFER,489033.92999999999,489033.92999999999,0,0,0,1
CASH_OUT,73661.25,0,0,995046.81000000006,1068708.0600000001,0
PAYMENT,1728.6600000000001,0,0,0,0,0
CASH_OUT,16072.57,0,0,1792590.6299999999,1808663.2,0
CASH_OUT,54087.879999999997,0,0,1509892.1200000001,1563980,0
CASH_OUT,281212.25,564533.84999999998,283321.59999999998,6195244.5499999998,6476456.79,0
CASH_IN,518232.02000000002,2937645.3500000001,3455877.3700000001,1283541.1399999999,765309.12,0
PAYMENT,26010.040000000001,0,0,0,0,0
CASH_OUT,403.56,403.56,0,1124708.3200000001,1125111.8799999999,1
CASH_IN,345487.42999999999,338009.65999999997,683497.08999999997,3739729.2799999998,3394241.8500000001,0
CASH_OUT,205170.29000000001,205170.29000000001,0,12555586.130000001,12760756.42,1
CASH_OUT,30559.34,0,0,773393.15000000002,803952.48999999999,0
PAYMENT,80.609999999999999,104268,104187.39,0,0,0
PAYMENT,5770.96,0,0,0,0,0
CASH_OUT,3199.0300000000002,0,0,231404.97,234603.98999999999,0
TRANSFER,821138.20999999996,821138.20999999996,0,0,0,1
CASH_OUT,144696.07999999999,0,0,1078522.6899999999,1223218.76,0
CASH_IN,104660.28999999999,7266709.4000000004,7371369.6900000004,336470.22999999998,231809.94,0
TRANSFER,1479496.45,346030.20000000001,0,54287567.469999999,55767063.920000002,0
CASH_OUT,224850.42999999999,0,0,1704464.74,1929315.1699999999,0
CASH_IN,16482.41,5105901.6900000004,5122384.0999999996,1851968.5900000001,1835486.1799999999,0
PAYMENT,18217.75,258279.20000000001,240061.45000000001,0,0,0
PAYMENT,12196.950000000001,139975.76999999999,127778.82000000001,0,0,0
CASH_OUT,34498.050000000003,34498.050000000003,0,0,34498.050000000003,1
CASH_IN,81292.729999999996,2253903.52,2335196.25,440394.5,359101.77000000002,0
CASH_IN,205116.17000000001,2347217.9500000002,2552334.1200000001,1212905.97,1007789.8,0
CASH_OUT,103053.5,103053.5,0,99565.570000000007,202619.07000000001,1
CASH_OUT,81198.039999999994,0,0,191659.23999999999,272857.28999999998,0
PAYMENT,6730.6000000000004,0,0,0,0,0
CASH_IN,68795.949999999997,301834,370629.95000000001,0,0,0
PAYMENT,4992.2200000000003,1076,0,0,0,0
PAYMENT,2837.1799999999998,70378.779999999999,67541.589999999997,0,0,0
PAYMENT,16053.190000000001,503502.25,487449.06,0,0,0
CASH_OUT,86171.860000000001,0,0,1533934.1699999999,1620106.02,0
PAYMENT,10505.43,0,0,0,0,0
PAYMENT,13357.24,33459,20101.759999999998,0,0,0
CASH_IN,23188.779999999999,1789250.45,1812439.24,288133.83000000002,264945.04999999999,0
CASH_OUT,16578.419999999998,0,0,72437.5,89015.919999999998,0
TRANSFER,2095699.9299999999,2095699.9299999999,0,0,0,1
CASH_IN,53347.019999999997,3567228.79,3620575.8100000001,133737.32000000001,80390.289999999994,0
TRANSFER,34502.699999999997,34502.699999999997,0,0,0,1
TRANSFER,116798.38,116798.38,0,0,0,1
CASH_OUT,2709729.2200000002,2709729.2200000002,0,411422.92999999999,3121152.1499999999,1
CASH_IN,10689.110000000001,6136595.2000000002,6147284.3099999996,3244024.8799999999,3233335.77,0
CASH_OUT,263534.96000000002,10484,0,419779.67999999999,683314.64000000001,0
PAYMENT,10553.08,0,0,0,0,0
CASH_IN,127785.14,9560597.6999999993,9688382.8300000001,384248.90000000002,256463.76999999999,0
CASH_OUT,35673.459999999999,0,0,60373.43,96046.889999999999,0
CASH_IN,82770.160000000003,25798.040000000001,108568.2,493883.5,411113.33000000002,0
TRANSFER,232315.42999999999,232315.42999999999,0,0,0,1
PAYMENT,22102.419999999998,6444.54,0,0,0,0
CASH_OUT,169958.81,0,0,2594798.4100000001,2764757.2200000002,0
TRANSFER,6063657.0300000003,6063657.0300000003,0,0,0,1
PAYMENT,2976.3899999999999,0,0,0,0,0
TRANSFER,28399.720000000001,28399.720000000001,0,0,0,1
CASH_OUT,166880.54000000001,166880.54000000001,0,0,166880.54000000001,1
PAYMENT,5998,587171.39000000001,581173.39000000001,0,0,0
CASH_OUT,3351304.7799999998,3351304.7799999998,0,299999.02000000002,3651303.79,1
PAYMENT,3787.9499999999998,239,0,0,0,0
PAYMENT,1643.71,5132,3488.29,0,0,0
TRANSFER,801763.51000000001,801763.51000000001,0,0,0,1
CASH_OUT,75652.339999999997,0,0,569394.10999999999,645046.44999999995,0
PAYMENT,20001.450000000001,0,0,0,0,0
TRANSFER,2923356.25,2923356.25,0,0,0,1
CASH_OUT,53696.139999999999,21492,0,0,53696.139999999999,0
TRANSFER,1400674.26,0,0,18040033.98,19440708.239999998,0
PAYMENT,4073.3699999999999,12172,8098.6300000000001,0,0,0
CASH_OUT,266596.83000000002,0,0,304515.78000000003,571112.60999999999,0
PAYMENT,27540.810000000001,13543,0,0,0,0
TRANSFER,1070031.6000000001,1070031.6000000001,0,0,0,1
CASH_OUT,224801.09,0,0,243315.53,468116.63,0
CASH_IN,27448.009999999998,5088,32536.009999999998,204588.47,177140.45999999999,0
PAYMENT,47526.150000000001,0,0,0,0,0
TRANSFER,21418.860000000001,21418.860000000001,0,0,0,1
CASH_OUT,1214511.6100000001,1214511.6100000001,0,0,1214511.6100000001,1
PAYMENT,4670.8999999999996,0,0,0,0,0
CASH_IN,230728.73000000001,395,231123.73000000001,742437.72999999998,511709.01000000001,0
TRANSFER,19164.91,0,0,289519.21999999997,308684.13,0
CASH_OUT,241492,226,0,0,241492,0
CASH_IN,61996.669999999998,6202287.7199999997,6264284.3899999997,163164.59,101167.92,0
CASH_OUT,212947.85999999999,10055,0,12659894.92,12872842.779999999,0
TRANSFER,40013.190000000002,40013.190000000002,0,0,0,1
PAYMENT,10211.4,284369,274157.59999999998,0,0,0
PAYMENT,491.81999999999999,0,0,0,0,0
PAYMENT,32055.66,0,0,0,0,0
CASH_IN,181913.17000000001,24428,206341.17000000001,13054.58,0,0
CASH_IN,161937.73999999999,2899019.04,3060956.7799999998,252018.35999999999,90080.619999999995,0
CASH_OUT,78536.630000000005,541,0,0,78536.630000000005,0
PAYMENT,14559.17,55865.809999999998,41306.650000000001,0,0,0
CASH_IN,503384.71000000002,829,504213.71000000002,684950.52000000002,181565.79999999999,0
PAYMENT,35646.68,0,0,0,0,0
PAYMENT,20785.549999999999,0,0,0,0,0
CASH_OUT,105491.11,105491.11,0,0,105491.11,1
TRANSFER,27483.790000000001,27483.790000000001,0,0,0,1
PAYMENT,8334.7299999999996,9685,1350.27,0,0,0
PAYMENT,10027.190000000001,244,0,0,0,0
PAYMENT,17373.82,87324.570000000007,69950.75,0,0,0
PAYMENT,9834.7600000000002,0,0,0,0,0
TRANSFER,79323.25,79323.25,0,0,0,1
CASH_OUT,99656.929999999993,99656.929999999993,0,0,99656.929999999993,1
CASH_OUT,932922.59999999998,932922.59999999998,0,400110.15000000002,1333032.75,1
DEBIT,455.31999999999999,61304,60848.68,3053831.5499999998,3054286.8700000001,0
CASH_OUT,89596.789999999994,89596.789999999994,0,0,89596.789999999994,1
TRANSFER,504362.34000000003,504362.34000000003,0,0,0,1
CASH_OUT,166278.35000000001,52463,0,0,166278.35000000001,0
CASH_OUT,4152987.1000000001,4152987.1000000001,0,45694.339999999997,4198681.4400000004,1
CASH_OUT,66472.630000000005,640712.65000000002,574240.02000000002,150037.76999999999,216510.39999999999,0
CASH_OUT,1707.4000000000001,1707.4000000000001,0,0,1707.4000000000001,1
PAYMENT,426.47000000000003,0,0,0,0,0
CASH_OUT,267548.96999999997,12365,0,0,267548.96999999997,0
PAYMENT,16311.43,0,0,0,0,0
CASH_IN,136480.09,7130229.2999999998,7266709.4000000004,271492.17999999999,135012.09,0
CASH_OUT,95603.699999999997,11233,0,813371.38,908975.07999999996,0
DEBIT,3009.7199999999998,0,0,916939.87,919949.58999999997,0
CASH_OUT,112864.00999999999,0,0,538057.72999999998,650921.75,0
CASH_IN,193353.57999999999,5822002.6399999997,6015356.2199999997,2282198.2200000002,2088844.6399999999,0
PAYMENT,12360.35,0,0,0,0,0
PAYMENT,25398.48,0,0,0,0,0
CASH_IN,231122.59,14257,245379.59,24980792.949999999,24749670.359999999,0
TRANSFER,429359.76000000001,429359.76000000001,0,0,0,1
TRANSFER,652993.91000000003,652993.91000000003,0,0,0,1
CASH_OUT,19421.77,19421.77,0,663000.64000000001,682422.40000000002,1
TRANSFER,5464727.1399999997,5464727.1399999997,0,0,0,1
PAYMENT,6347.3900000000003,5507.3900000000003,0,0,0,0
CASH_IN,474313.75,107137,581450.75,2868719.2799999998,2394405.5299999998,0
PAYMENT,4776.96,0,0,0,0,0
PAYMENT,29793.560000000001,6472,0,0,0,0
CASH_OUT,8324.3500000000004,0,0,351929.65000000002,360254,0
CASH_OUT,238379.89999999999,35122,0,118057.32000000001,356437.21999999997,0
CASH_OUT,168473.25,20878,0,0,168473.25,0
CASH_OUT,248536.48000000001,0,0,20621851.91,20870388.379999999,0
PAYMENT,6539.2700000000004,6894.0299999999997,354.75999999999999,0,0,0
TRANSFER,10000000,17239986.949999999,7239986.9500000002,0,0,1
CASH_OUT,92629.190000000002,9027,0,22191.610000000001,114820.8,0
CASH_IN,286343.03000000003,3512353.75,3798696.77,3882933.4500000002,3596590.4199999999,0
CASH_OUT,121657.95,0,0,171539.98000000001,293197.94,0
PAYMENT,38589.099999999999,9094,0,0,0,0
PAYMENT,43382.220000000001,102243.2,58860.980000000003,0,0,0
TRANSFER,973805.75,973805.75,0,0,0,1
CASH_IN,179043.17000000001,10081617.869999999,10260661.029999999,421605.34000000003,242562.17000000001,0
PAYMENT,53032.910000000003,21371,0,0,0,0
PAYMENT,5703.4899999999998,0,0,0,0,0
PAYMENT,6291.4099999999999,68484,62192.589999999997,0,0,0
TRANSFER,1720600.9199999999,1720600.9199999999,0,0,0,1
CASH_IN,151351.31,4105599.9500000002,4256951.2599999998,2516529.2599999998,2365177.9500000002,0
CASH_OUT,114636.59,697688,583051.41000000003,214671.81,329308.40999999997,0
PAYMENT,24425.040000000001,0,0,0,0,0
PAYMENT,46181.620000000003,22894,0,0,0,0
CASH_OUT,81898.179999999993,0,0,303416.21999999997,385314.40000000002,0
TRANSFER,2365006.8500000001,0,0,2960380.6800000002,5325387.5300000003,0
CASH_OUT,150205.64000000001,150205.64000000001,0,0,150205.64000000001,1
CASH_OUT,146884.10000000001,30548,0,434629.78999999998,581513.88,0
CASH_OUT,102859.72,125,0,1250982.46,1353842.1799999999,0
CASH_OUT,19890.790000000001,0,0,41413,0,0
CASH_OUT,221916.70000000001,271569.39000000001,49652.690000000002,620098.63,842015.32999999996,0
CASH_IN,94571.580000000002,21208,115779.58,30079.560000000001,0,0
CASH_OUT,365344.78000000003,10841,0,143267.92999999999,508612.70000000001,0
PAYMENT,7370.3699999999999,35240,27869.630000000001,0,0,0
TRANSFER,200419.12,200419.12,0,0,0,1
PAYMENT,13636.1,496178,482541.90000000002,0,0,0
CASH_OUT,50375.760000000002,91874,41498.239999999998,0,50375.760000000002,0
PAYMENT,1788.9400000000001,0,0,0,0,0
TRANSFER,453699.34999999998,453699.34999999998,0,0,0,1
PAYMENT,14072.299999999999,20579,6506.6999999999998,0,0,0
CASH_OUT,129570.55,20090,0,0,129570.55,0
CASH_OUT,192715.66,72981,0,1525667.8,1718383.47,0
PAYMENT,6589.0200000000004,133947,127357.98,0,0,0
PAYMENT,15562.1,10737,0,0,0,0
CASH_OUT,229104.17000000001,0,0,324284.10999999999,553388.28000000003,0
CASH_IN,59940.650000000001,984122.78000000003,1044063.4300000001,2750315.0600000001,2690374.4100000001,0
CASH_OUT,65846.970000000001,11523.719999999999,0,198804.69,2351108.96,0
PAYMENT,10842.09,30511,19668.91,0,0,0
TRANSFER,630720.22999999998,188879.20000000001,0,1642446.26,2273166.5,0
PAYMENT,10251.370000000001,1417,0,0,0,0
PAYMENT,72.010000000000005,0,0,0,0,0
CASH_OUT,299613.88,28594,0,1809036.26,2108650.1299999999,0
CASH_OUT,126372.92999999999,45217,0,32072.259999999998,158445.19,0
PAYMENT,13173.6,159732.35000000001,146558.75,0,0,0
CASH_OUT,108994.49000000001,108994.49000000001,0,560333.22999999998,669327.71999999997,1
TRANSFER,1112453.3700000001,0,0,1675595.1299999999,2788048.5,0
CASH_OUT,167806.92999999999,167806.92999999999,0,0,167806.92999999999,1
TRANSFER,74581.070000000007,74581.070000000007,0,0,0,1
TRANSFER,3480.27,0,0,264302.58000000002,267782.84999999998,0
CASH_OUT,183306.20999999999,183306.20999999999,0,0,183306.20999999999,1
CASH_IN,252830.23999999999,19801033.93,20053864.170000002,527368.37,274538.13,0
TRANSFER,1364461.6000000001,0,0,5526049.71,6890511.3099999996,0
PAYMENT,1257.52,11251,9993.4799999999996,0,0,0
CASH_IN,28893.099999999999,270030.48999999999,298923.59000000003,3663240.8799999999,3634347.7799999998,0
CASH_OUT,135847.04999999999,561,0,24230.240000000002,160077.29000000001,0
CASH_IN,436472.09999999998,50456,486928.09999999998,140435.17000000001,0,0
PAYMENT,2524.8499999999999,46475.400000000001,43950.550000000003,0,0,0
PAYMENT,47850.959999999999,29539.290000000001,0,0,0,0
CASH_OUT,382508.02000000002,569,0,0,382508.02000000002,0
CASH_OUT,13414.99,13149.77,0,130622.12,144037.10999999999,0
TRANSFER,2371324.8100000001,2371324.8100000001,0,0,0,1
PAYMENT,6180.1800000000003,905889,899708.81999999995,0,0,0
CASH_OUT,126174.34,0,0,177698.26999999999,303872.60999999999,0
CASH_IN,194487.81,20013,214500.81,3319495,3125007.1899999999,0
TRANSFER,3404635.8599999999,0,0,4269212.7000000002,7673848.5599999996,0
CASH_OUT,72880.75,19826,0,465415.26000000001,538296,0
TRANSFER,48409.790000000001,0,0,756083.10999999999,804492.90000000002,0
CASH_OUT,56232.110000000001,0,0,2578529.52,2634761.6400000001,0
PAYMENT,15435.690000000001,77625,62189.309999999998,0,0,0
CASH_OUT,272630.40000000002,0,0,330953.48999999999,603583.89000000001,0
PAYMENT,985.46000000000004,0,0,0,0,0
TRANSFER,1500582.0800000001,1500582.0800000001,0,0,0,1
CASH_OUT,216000.95000000001,216000.95000000001,0,171773.03,387773.96999999997,1
TRANSFER,1715635.4099999999,1715635.4099999999,0,0,0,1
CASH_IN,146854.67999999999,438018.38,584873.06000000006,899275.34999999998,752420.67000000004,0
PAYMENT,34101.699999999997,0,0,0,0,0
CASH_OUT,243148.67000000001,19880,0,3567354.8799999999,3810503.5600000001,0
CASH_IN,41099.949999999997,4083406.6200000001,4124506.5699999998,43267.029999999999,2167.0799999999999,0
PAYMENT,4286.4499999999998,138852,134565.54999999999,0,0,0
CASH_IN,663403.45999999996,203017,866420.45999999996,158683.42999999999,0,0
CASH_IN,9109.1399999999994,8164636.6100000003,8173745.75,1047220.77,1038111.64,0
CASH_IN,66928.669999999998,486,67414.669999999998,1080042.71,1013114.04,0
CASH_OUT,5475018.5199999996,5475018.5199999996,0,205724.59,5680743.1100000003,1
TRANSFER,240102.72,0,0,267888.01000000001,507990.72999999998,0
CASH_IN,202868.38,81869,284737.38,7609155.1200000001,7406286.75,0
PAYMENT,6818.6000000000004,18886.549999999999,12067.950000000001,0,0,0
CASH_IN,79898.130000000005,5818963.4699999997,5898861.5999999996,1938962.04,1859063.9099999999,0
CASH_IN,263270.77000000002,1144746.6299999999,1408017.3999999999,1942589.45,1679318.6899999999,0
TRANSFER,10000000,19033760.73,9033760.7300000004,0,0,1
TRANSFER,1158070.8799999999,1158070.8799999999,0,0,0,1
CASH_IN,52344.309999999998,10157368.9,10209713.220000001,4829961.29,4777616.9699999997,0
PAYMENT,26413.59,10722,0,0,0,0
TRANSFER,651421.56000000006,0,0,714170.52000000002,1365592.0900000001,0
PAYMENT,27875.779999999999,0,0,0,0,0
CASH_OUT,161896.85000000001,0,0,2356919.7999999998,2518816.6499999999,0
PAYMENT,42892.440000000002,33432,0,0,0,0
CASH_OUT,18158.57,0,0,569349.51000000001,587508.08999999997,0
PAYMENT,9375.6800000000003,0,0,0,0,0
PAYMENT,8140.7600000000002,0,0,0,0,0
CASH_IN,276262.09000000003,171393,447655.09000000003,2518913.9300000002,2242651.8399999999,0
CASH_IN,66424.490000000005,8977009.4499999993,9043433.9299999997,312758.87,246334.38,0
TRANSFER,703882.14000000001,703882.14000000001,0,0,0,1
CASH_IN,141452.10999999999,1027,142479.10999999999,37669.239999999998,0,0
CASH_IN,63072.07,4643610.46,4706682.5300000003,1609077.49,1546005.4199999999,0
PAYMENT,12310.059999999999,0,0,0,0,0
TRANSFER,715987.29000000004,0,0,13039617.84,13755605.130000001,0
PAYMENT,22497.029999999999,57588.519999999997,35091.489999999998,0,0,0
PAYMENT,8745.6800000000003,126484.89999999999,117739.22,0,0,0
PAYMENT,11852.42,423836,411983.58000000002,0,0,0
PAYMENT,13512.5,233242.60999999999,219730.12,0,0,0
TRANSFER,1046024.24,0,0,2137727.3199999998,3183751.5600000001,0
CASH_OUT,101394.62,0,0,2365128.5899999999,2466523.2200000002,0
TRANSFER,501101.40999999997,501101.40999999997,0,0,0,1
TRANSFER,87438.830000000002,87438.830000000002,0,0,0,1
PAYMENT,10791.17,420,0,0,0,0
TRANSFER,802483.88,802483.88,0,0,0,1
PAYMENT,3355.4499999999998,1315,0,0,0,0
CASH_OUT,247877.03,247877.03,0,283820.59000000003,531697.62,1
PAYMENT,36346.800000000003,0,0,0,0,0
TRANSFER,10000000,15049594.33,5049594.3300000001,0,0,1
CASH_OUT,83046.110000000001,207,0,33117.059999999998,116163.17,0
PAYMENT,12288.030000000001,172263.45000000001,159975.41,0,0,0
CASH_OUT,243118.94,243118.94,0,67919.770000000004,311038.71000000002,1
TRANSFER,854591.67000000004,31294,0,798975.30000000005,1653566.96,0
CASH_IN,195298.59,5597340.71,5792639.2999999998,233307.06,38008.459999999999,0
CASH_IN,194164.87,2735029.4700000002,2929194.3399999999,224415.88,30251.009999999998,0
TRANSFER,1134975.5600000001,0,0,71003821.280000001,72138796.840000004,0
CASH_OUT,23350.810000000001,289,0,2477158.0899999999,2713588.5499999998,0
TRANSFER,315646.22999999998,0,0,6903861.2000000002,7219507.4299999997,0
CASH_IN,197216.59,1875858,2073074.5800000001,982959.48999999999,785742.90000000002,0
TRANSFER,479618.78000000003,0,0,2329638.8900000001,2809257.6699999999,0
CASH_IN,140313.59,8208498.8200000003,8348812.4199999999,216059.35000000001,75745.75,0
CASH_IN,194025.07000000001,9491,203516.07000000001,126900.83,0,0
CASH_OUT,117587.74000000001,384,0,281353.09000000003,398940.84000000003,0
CASH_OUT,56510.5,56510.5,0,4455203.0499999998,4511713.5499999998,1
CASH_OUT,274637.15999999997,0,0,6958790.7300000004,7233427.8899999997,0
CASH_IN,422953.53999999998,34848,457801.53999999998,10733.389999999999,0,0
CASH_OUT,196585.04000000001,0,0,1166764.5700000001,1363349.6000000001,0
CASH_IN,246176.62,45073,291249.62,4260110.9000000004,4013934.2799999998,0
CASH_OUT,112326.69,221,0,1195040.3799999999,1307367.0800000001,0
PAYMENT,25040.470000000001,21342,0,0,0,0
CASH_OUT,14421.219999999999,17672,3250.7800000000002,1758332,1772753.22,0
CASH_OUT,1710180.3700000001,1710180.3700000001,0,934700.52000000002,2644880.8900000001,1
CASH_IN,385886.06,123450,509336.06,0,0,0
CASH_IN,98268.5,4596367.1200000001,4694635.6200000001,123389.00999999999,25120.509999999998,0
CASH_OUT,224230.16,224230.16,0,427065.03000000003,651295.18999999994,1
CASH_IN,95728.009999999995,2676365.52,2772093.5299999998,478435.72999999998,382707.71999999997,0
CASH_IN,185150.60999999999,1525735.7,1710886.3100000001,1345815.26,1160664.6499999999,0
CASH_OUT,55.140000000000001,12745.84,12690.690000000001,1585950.2,1586005.3400000001,0
CASH_IN,276756.46999999997,3053420.8599999999,3330177.3300000001,876992.94999999995,600236.47999999998,0
CASH_OUT,46209.550000000003,186609,140399.45000000001,1434778.0800000001,1480987.6299999999,0
CASH_OUT,129521.34,0,0,6829116.4000000004,6958637.7300000004,0
TRANSFER,403293.53999999998,0,0,1469436.6299999999,1872730.1699999999,0
CASH_IN,256052.64999999999,19098,275150.65000000002,77639.699999999997,0,0
TRANSFER,635409.31999999995,635409.31999999995,0,0,0,1
TRANSFER,2167947.3900000001,0,0,6312327.7800000003,8480275.1600000001,0
CASH_OUT,63092.900000000001,10760,0,279107.19,342200.09000000003,0
CASH_IN,345086.22999999998,1388498.26,1733584.49,737590.92000000004,392504.69,0
CASH_OUT,221434.10000000001,0,0,9331022.5299999993,9552456.6199999992,0
CASH_OUT,106035.69,5005,0,15778.35,121814.03999999999,0
TRANSFER,3319382.3900000001,293727.85999999999,0,4509100.5199999996,7828482.9100000001,0
PAYMENT,3374.6399999999999,0,0,0,0,0
CASH_OUT,234946.31,0,0,6255760.5800000001,6490706.8899999997,0
CASH_IN,429728.91999999998,591,430319.91999999998,307231.03999999998,0,0
PAYMENT,20880.310000000001,115394,94513.690000000002,0,0,0
CASH_OUT,312863.46999999997,0,0,3462233.5099999998,3775096.98,0
PAYMENT,30718.700000000001,0,0,0,0,0
CASH_IN,525380.80000000005,5831806.0999999996,6357186.9000000004,890480.04000000004,365099.23999999999,0
PAYMENT,1928,777,0,0,0,0
CASH_OUT,208868.35999999999,208868.35999999999,0,78757.570000000007,287625.92999999999,1
CASH_IN,280751.64000000001,3069148.3599999999,3349899.9900000002,4270833.54,3990081.9100000001,0
CASH_IN,114115.85000000001,33652,147767.85000000001,1633884.1599999999,1519768.3200000001,0
