timestamp,account_id,merchant,category,amount,transaction_id,label,prior_count,prior_mean_amount,minutes_since_previous,transactions_1h,transactions_24h,merchant_seen,category_seen,history_available,amount_vs_mean,hour_sin,hour_cos,weekday,model_score,flagged
2020-12-23 07:03:41,CARD-0101,"fraud_Raynor, Reinger and Hagenes",gas_transport,20.440000000000001,97854ad5018e902926b347358215d080,0,790,71.120848101265821,36.93333333333333,1,11,1,1,1,0.28739814759937049,0.96245523645364728,-0.27144044986507421,2,0.99481631326819042,1
2020-12-17 01:40:07,CARD-0269,fraud_Ruecker Group,misc_net,751,b0ffda413c96e31ea9bd9575cb61358f,0,600,56.59558333333333,1.6000000000000001,1,3,0,1,1,13.269586702142542,0.42261826174069939,0.90630778703664994,3,0.99761623295669988,1
2020-12-08 03:01:53,CARD-0290,fraud_Murray-Smitham,grocery_pos,315.25,e243a942d157d7a42496894374c22694,1,1030,59.146019417475728,196.21666666666667,0,30,0,1,1,5.3300290214772064,0.71018537562328543,0.70401472445596835,1,0.99912169167084697,1
2020-12-20 09:29:39,CARD-0306,fraud_Spencer PLC,entertainment,3.9900000000000002,e3e1c6f5dd4eec6189d2b1071a745945,0,606,64.347772277227719,206.30000000000001,0,9,0,1,1,0.062006808608851195,0.61221728003444964,-0.79068957374384308,6,4.0858046894638638e-05,0
2020-12-12 10:40:46,CARD-0316,fraud_Marks Inc,gas_transport,43.43,6de372ae111054a7f18042e16fb23fa9,0,1104,51.610606884057972,1148.8,0,8,1,1,1,0.84149368941862057,0.34202014332566888,-0.93969262078590832,5,1.1427959077280756e-06,0
2020-12-11 15:23:58,CARD-0377,fraud_Hills-Witting,shopping_net,878.46000000000004,cd4172ed4c50a7d20734f86383b431ab,1,717,63.809260808926076,861.98333333333335,0,5,0,1,1,13.766967190397464,-0.77439264408218544,-0.63270532856251616,4,0.98913585486142475,1
2020-12-11 23:44:23,CARD-0377,fraud_Kerluke-Abshire,shopping_net,1123.99,455799d91bb448b697c23be76ca78c7f,1,718,64.943871866295254,500.41666666666669,0,2,1,1,1,17.307098694608804,-0.069756473744124761,0.99756405025982431,4,0.98957239252555551,1
2020-12-22 22:17:22,CARD-0416,"fraud_Bradtke, Torp and Bahringer",personal_care,21.440000000000001,29b503bd8b674a12bc8cbdcbca2e27f8,0,598,68.446956521739125,3.2000000000000002,2,8,1,1,1,0.31323525675229313,-0.43444525740441692,0.90069823932258797,1,0.98283320571956079,1
2020-12-12 01:57:10,CARD-0643,fraud_Fisher-Schowalter,shopping_net,956.58000000000004,e5081b01f4e29ecb6f45035c6f191c9e,1,585,53.493914529914527,71.716666666666669,0,8,1,1,1,17.882034029591672,0.48862124149695491,0.87249600707279718,5,0.99077395994288298,1
2020-12-12 20:21:39,CARD-0643,fraud_Conroy-Emard,food_dining,146.09,f320ea7390c46c272b89334f14691733,1,588,55.286819727891157,68.033333333333331,0,8,1,1,1,2.6424019453283973,-0.81664155516167858,0.57714519003723419,5,0.0035514884498724893,0
2020-12-12 22:19:18,CARD-0643,fraud_Skiles LLC,home,230.99000000000001,d65b2a2334591a29b5110306ba39712c,1,589,55.440984719864183,117.65000000000001,0,8,1,1,1,4.1664122880782388,-0.42656873990145788,0.90445514545436823,5,0.72638805621480662,0
2020-12-11 09:16:59,CARD-0650,fraud_Rodriguez Group,gas_transport,56.43,ae315623ce79ac03c71aae0dff53bf76,0,732,51.834112021857926,226.33333333333334,0,7,1,1,1,1.0886653170831602,0.65605902899050728,-0.75470958022277201,4,4.9507251671438205e-06,0
2020-12-14 01:31:46,CARD-0664,fraud_Ankunding LLC,shopping_net,915.20000000000005,6641a6c03ba4b24b71b871302847e1e7,0,377,54.636816976127328,26.949999999999999,1,3,0,1,1,16.750609765570381,0.38671096163682056,0.92220097167045179,0,0.99796918716137406,1
2020-12-28 18:33:43,CARD-0678,fraud_Altenwerth-Kilback,home,88.5,d009b2b6a8b248143903792582f450d9,0,199,121.38482412060303,1736,0,0,0,1,1,0.72908619871681812,-0.98965138681967024,0.14349262199117904,0,9.8203661859635506e-05,0
2020-12-20 22:44:39,CARD-0680,fraud_Erdman-Schaden,personal_care,23.920000000000002,d4ab00b75d1e7d6dc5288348049c7d2c,1,1189,54.221597981497055,840.5,0,3,1,1,1,0.44115261981328224,-0.3255681544571567,0.94551857559931685,6,0.019154879540327567,0
2020-12-21 22:42:11,CARD-0680,fraud_Schulist Ltd,food_dining,123.58,daabc7ccf6ccf2c85c1f6186ca11193a,1,1197,55.80324979114453,3.5499999999999998,1,8,1,1,1,2.2145663641906932,-0.33380685923377212,0.94264149109217799,0,0.76273896405830532,0
